artist,song,genre
Britney Spears,Oops!...I Did It Again,pop
blink-182,All The Small Things,"rock, pop"
Faith Hill,Breathe,"pop, country"
Bon Jovi,It's My Life,"rock, metal"
*NSYNC,Bye Bye Bye,pop
Sisqo,Thong Song,"hip hop, pop, R&B"
Eminem,The Real Slim Shady,hip hop
Robbie Williams,Rock DJ,"pop, rock"
Destiny's Child,Say My Name,"pop, R&B"
Modjo,Lady - Hear Me Tonight,Dance/Electronic
Gigi D'Agostino,L'Amour Toujours,pop
Eiffel 65,Move Your Body - Gabry Ponte Original Radio Edit,pop
Bomfunk MC's,Freestyler,pop
Sting,Desert Rose,"rock, pop"
Melanie C,Never Be The Same Again,"pop, Dance/Electronic"
Aaliyah,Try Again,"hip hop, pop, R&B"
Anastacia,I'm Outta Love - Radio Edit,pop
Alice Deejay,Better Off Alone,pop
Gigi D'Agostino,The Riddle,pop
Dr. Dre,The Next Episode,hip hop
Linkin Park,In the End,"rock, metal"
Tom Jones,Sexbomb,"rock, Folk/Acoustic, easy listening"
Sonique,It Feels So Good,pop
M.O.P.,Cold as Ice,hip hop
Melanie C,I Turn To You,"pop, Dance/Electronic"
Limp Bizkit,Take A Look Around,metal
Darude,Sandstorm,"pop, Dance/Electronic"
Da Brat,What'chu Like (feat. Tyrese),"hip hop, pop, R&B"
Moloko,The Time Is Now,"pop, Dance/Electronic"
Chicane,Don't Give Up,Dance/Electronic
DMX,Party Up,"hip hop, pop"
Debelah Morgan,Dance with Me,"pop, R&B"
Madonna,Music,pop
Ruff Endz,No More,R&B
Britney Spears,Born to Make You Happy,pop
Montell Jordan,Get It On Tonite,"hip hop, pop, R&B"
Kylie Minogue,Spinning Around,"pop, Dance/Electronic"
JAY-Z,Big Pimpin',hip hop
LeAnn Rimes,I Need You,"pop, country"
Avant,Separated,"pop, R&B"
Enrique Iglesias,Be With You,"pop, latin"
Toni Braxton,He Wasn't Man Enough,"pop, R&B"
Bow Wow,Bounce With Me (feat. Xscape) - Edited Album Version,"hip hop, pop, R&B"
Dr. Dre,Forgot About Dre,hip hop
Missy Elliott,Hot Boyz,"hip hop, pop, R&B"
Backstreet Boys,Show Me the Meaning of Being Lonely,pop
Samantha Mumba,Gotta Tell You,pop
M??a,Case Of The Ex (Whatcha Gonna Do),"pop, R&B"
Mary Mary,Shackles (Praise You),R&B
Next,Wifey,"hip hop, pop, R&B"
Janet Jackson,Doesn't Really Matter,"pop, R&B"
Ricky Martin,She Bangs - English Version,"pop, latin"
Jagged Edge,He Can't Love U,"hip hop, pop, R&B"
Sisqo,Incomplete,"hip hop, pop, R&B"
JAY-Z,I Just Wanna Love U (Give It 2 Me),hip hop
Mariah Carey,Thank God I Found You (feat. Joe & 98??),"pop, R&B"
Baha Men,Who Let The Dogs Out,R&B
Donell Jones,"U Know What's Up (feat. Lisa ""Left Eye"" Lopes)","pop, R&B"
LeAnn Rimes,Can't Fight The Moonlight,"pop, country"
Oasis,Go Let It Out,"Folk/Acoustic, rock"
DJ ??tzi,Hey Baby (Radio Mix),"pop, easy listening, Dance/Electronic"
P!nk,Most Girls,pop
Mariah Carey,Against All Odds (Take A Look at Me Now) (feat. Westlife),"pop, R&B"
Craig David,Fill Me In,"hip hop, pop, R&B"
Christina Aguilera,I Turn to You,pop
Madonna,American Pie,pop
Red Hot Chili Peppers,Otherside,rock
Sammie,I Like It,"hip hop, pop, R&B"
Craig David,7 Days,"hip hop, pop, R&B"
Santana,Maria Maria (feat. The Product G&B),"rock, blues, latin"
Kandi,Don't Think I'm Not,"pop, R&B"
P!nk,There You Go,pop
Vengaboys,Shalala Lala,pop
Ronan Keating,Life Is A Rollercoaster,"pop, rock"
Madison Avenue,Don't Call Me Baby,Dance/Electronic
Destiny's Child,"Jumpin', Jumpin'","pop, R&B"
C??line Dion,That's the Way It Is,pop
3 Doors Down,Kryptonite,"pop, rock, metal"
Carl Thomas,I Wish,"pop, R&B"
Mystikal,Shake Ya Ass,"hip hop, pop"
Fuel,Hemorrhage (In My Hands),"rock, pop, metal"
Donell Jones,Where I Wanna Be,"pop, R&B"
Savage Garden,Crash and Burn,pop
Westlife,My Love,pop
All Saints,Pure Shores,pop
Destiny's Child,"Independent Women, Pt. 1","pop, R&B"
*NSYNC,It's Gonna Be Me,pop
Erykah Badu,Bag Lady,"hip hop, R&B"
Marc Anthony,You Sang To Me,"pop, latin"
Matchbox Twenty,Bent,"pop, rock"
Gabrielle,Rise,"pop, R&B"
Backstreet Boys,Shape of My Heart,pop
Creed,With Arms Wide Open,"pop, rock, metal"
The Corrs,Breathless,"pop, Folk/Acoustic"
Joe,I Wanna Know,"pop, R&B"
Wheatus,Teenage Dirtbag,set()
Christina Aguilera,Come on over Baby (All I Want Is You) - Radio Version,pop
Creed,Higher,"pop, rock, metal"
Britney Spears,Lucky,pop
Nelly,Country Grammar (Hot Shit),"hip hop, pop, R&B"
Shaggy,It Wasn't Me,"hip hop, pop"
Destiny's Child,Survivor,"pop, R&B"
Eminem,Stan,hip hop
Kylie Minogue,Can't Get You out of My Head,"pop, Dance/Electronic"
Christina Aguilera,"Lady Marmalade - From ""Moulin Rouge"" Soundtrack",pop
Nelly Furtado,I'm Like A Bird,"hip hop, pop, latin"
Shakira,"Whenever, Wherever","pop, latin"
Jimmy Eat World,The Middle,"rock, pop"
Train,Drops of Jupiter (Tell Me),pop
Geri Halliwell,It's Raining Men,pop
Blu Cantrell,Hit 'Em Up Style (Oops!),"pop, R&B"
Britney Spears,I'm a Slave 4 U,pop
Kylie Minogue,In Your Eyes,"pop, Dance/Electronic"
Missy Elliott,One Minute Man (feat. Ludacris),"hip hop, pop, R&B"
Mary J. Blige,Family Affair,"pop, R&B"
Faithless,We Come 1 - Radio Edit,"pop, Dance/Electronic"
Limp Bizkit,Rollin' (Air Raid Vehicle),metal
Lasgo,Something,pop
iio,Rapture (feat.Nadia Ali),Dance/Electronic
Emma Bunton,What Took You So Long?,pop
112,It's Over Now,"hip hop, pop, R&B"
Blue,All Rise,pop
Jessica Simpson,Irresistible,"pop, R&B"
Crazy Town,Butterfly,"rock, metal"
Michael Jackson,You Rock My World,"pop, R&B"
Eve,Let Me Blow Ya Mind,"hip hop, pop, R&B"
Jennifer Lopez,Ain't It Funny,"hip hop, pop, R&B"
Brandy,Another Day in Paradise - R&B-Version,"hip hop, pop, R&B"
Nickelback,How You Remind Me,"rock, metal"
Daft Punk,One More Time,"hip hop, Dance/Electronic"
Outkast,Ms. Jackson,"hip hop, pop"
Fragma,Everytime You Need Me - Radio Version,"pop, Dance/Electronic"
Mariah Carey,Loverboy,"pop, R&B"
Dido,Thank You,pop
Joe,Stutter (feat. Mystikal) - Double Take Remix,"pop, R&B"
P.O.D.,Youth of the Nation,"rock, metal"
Jennifer Lopez,Play,"hip hop, pop, R&B"
Missy Elliott,Get Ur Freak On,"hip hop, pop, R&B"
Ricky Martin,Nobody Wants to Be Lonely (with Christina Aguilera),"pop, latin"
Christina Milian,AM To PM,"hip hop, pop, R&B"
Roger Sanchez,Another Chance,Dance/Electronic
Gorillaz,Clint Eastwood,hip hop
2Pac,Until The End Of Time,hip hop
Tamia,Stranger in My House,"pop, R&B"
Mary J. Blige,No More Drama,"pop, R&B"
Jennifer Lopez,Love Don't Cost a Thing,"hip hop, pop, R&B"
Jamiroquai,Little L,pop
Case,Missing You,"hip hop, pop, R&B"
112,Peaches & Cream,"hip hop, pop, R&B"
Five,Let's Dance - Radio Edit,pop
Rui Da Silva,Touch Me (Radio Edit) [feat. Cassandra],Dance/Electronic
Alien Ant Farm,Smooth Criminal,"rock, metal"
Erick Sermon,Music (feat. Marvin Gaye),"hip hop, pop"
D12,Purple Pills,"hip hop, pop, rock"
Usher,Pop Ya Collar - Radio Edit,"hip hop, pop, R&B"
Madonna,Don't Tell Me,pop
Blue,If You Come Back,pop
Atomic Kitten,Eternal Flame - Single Version,pop
Jagged Edge,Where the Party At (feat. Nelly),"hip hop, pop, R&B"
Afroman,Because I Got High,hip hop
S Club 7,Don't Stop Movin',pop
Craig David,Fill Me In,"hip hop, pop, R&B"
Nelly Furtado,Turn Off The Light,"hip hop, pop, latin"
The Supermen Lovers,Starlight - Radio Edit,Dance/Electronic
Mis-Teeq,All I Want - Sunship Radio Edit,"pop, Dance/Electronic"
Jagged Edge,Promise,"hip hop, pop, R&B"
S Club 7,Have You Ever,pop
Enya,Only Time,"World/Traditional, Folk/Acoustic"
Faith Hill,There You'll Be,"pop, country"
Ronan Keating,Lovin' Each Day,"pop, rock"
Destiny's Child,Bootylicious,"pop, R&B"
Steps,It's the Way You Make Me Feel,"pop, Dance/Electronic"
Sunshine Anderson,Heard It All Before,"pop, R&B"
Lenny Kravitz,Again,"rock, pop"
Daniel Bedingfield,Gotta Get Thru This - D'N'D Radio Edit,pop
DB Boulevard,Point Of View - Radio Edit,Dance/Electronic
Janet Jackson,All For You,"pop, R&B"
Atomic Kitten,Whole Again,pop
Ja Rule,Livin' It Up,"hip hop, pop, R&B"
Destiny's Child,"Independent Women, Pt. 1","pop, R&B"
DJ Pied Piper & The Masters Of Ceremonies,Do You Really Like It? - Radio Edit,Dance/Electronic
Jennifer Lopez,I'm Real (feat. Ja Rule) - Murder Remix,"hip hop, pop, R&B"
Musiq Soulchild,Love,"pop, R&B"
So Solid Crew,21 Seconds,Dance/Electronic
Robbie Williams,Eternity,"pop, rock"
Basement Jaxx,Romeo,"pop, Dance/Electronic"
Ludacris,Southern Hospitality (Featuring Pharrell),"hip hop, pop"
Gabrielle,Rise,"pop, R&B"
Nelly,Ride Wit Me,"hip hop, pop, R&B"
Trick Daddy,I'm a Thug,"hip hop, pop"
Travis,Sing,"rock, pop"
JAY-Z,Izzo (H.O.V.A.),hip hop
Gabrielle,Out Of Reach,"pop, R&B"
OPM,Heaven Is a Halfpipe (If I Die),rock
K-Ci & JoJo,Crazy,"pop, R&B"
Staind,It's Been Awhile,"rock, metal"
3LW,No More (Baby I'ma Do Right),"pop, R&B"
Ginuwine,Differences,"hip hop, pop, R&B"
*NSYNC,Gone,pop
Lifehouse,Hanging By A Moment,"pop, rock, metal"
Nelly,Dilemma,"hip hop, pop, R&B"
Eminem,Without Me,hip hop
Avril Lavigne,Complicated,pop
Vanessa Carlton,A Thousand Miles,"Folk/Acoustic, pop"
The Calling,Wherever You Will Go,pop
Shakira,Underneath Your Clothes,"pop, latin"
No Doubt,Underneath It All,"rock, pop"
Truth Hurts,Addictive,"pop, R&B"
Busta Rhymes,I Know What You Want (feat. Flipmode Squad),"hip hop, pop"
Eminem,'Till I Collapse,hip hop
Diddy,"I Need a Girl (Pt. 2) [feat. Loon, Ginuwine & Mario Winans]","hip hop, pop"
Christina Milian,When You Look At Me - Radio Edit,"hip hop, pop, R&B"
Madonna,Die Another Day,pop
Jennifer Lopez,I'm Gonna Be Alright (feat. Nas),"hip hop, pop, R&B"
Angie Martinez,If I Could Go! (feat. Lil' Mo & Sacario),pop
Linkin Park,In the End,"rock, metal"
Las Ketchup,The Ketchup Song (Aserej??) - Spanglish Version,set()
Aaliyah,Rock The Boat,"hip hop, pop, R&B"
Holly Valance,Kiss Kiss,"pop, Dance/Electronic"
Sugababes,Round Round,"pop, R&B"
Marilyn Manson,Tainted Love,"rock, metal"
Brandy,What About Us?,"hip hop, pop, R&B"
Chad Kroeger,Hero (feat. Josey Scott),metal
Britney Spears,Overprotected - Radio Edit,pop
Scooter,The Logical Song,"pop, Dance/Electronic"
Missy Elliott,4 My People (feat. Eve),"hip hop, pop, R&B"
Aaliyah,More Than A Woman,"hip hop, pop, R&B"
Brandy,Full Moon,"hip hop, pop, R&B"
Blue,One Love,pop
Busta Rhymes,Pass The Courvoisier Part II (feat. P. Diddy & Pharrell) - Remix,"hip hop, pop"
C??line Dion,A New Day Has Come - Radio Remix,pop
Scooter,Nessaja,"pop, Dance/Electronic"
Eve,Gangsta Lovin',"hip hop, pop, R&B"
Disturbing Tha Peace,Move Bitch,"hip hop, pop"
Khia,"My Neck, My Back (Lick It)","pop, R&B"
Tweet,Oops (Oh My) [feat. Missy Elliott],"hip hop, pop, R&B"
Kylie Minogue,Spinning Around,"pop, Dance/Electronic"
Nelly,Hot In Herre,"hip hop, pop, R&B"
Gareth Gates,Anyone of Us (Stupid Mistake),pop
Christina Aguilera,Dirrty (feat. Redman),pop
B2K,Uh Huh,"hip hop, pop, R&B"
Sugababes,Freak Like Me,"pop, R&B"
Dirty Vegas,Days Go By,Dance/Electronic
Fat Joe,What's Luv? (feat. Ja-Rule & Ashanti),"hip hop, pop"
Liberty X,Just A Little,pop
No Doubt,Hella Good,"rock, pop"
LL Cool J,Luv U Better,"hip hop, pop, R&B"
Red Hot Chili Peppers,Can't Stop,rock
Musiq Soulchild,Halfcrazy,"pop, R&B"
Sean Paul,Gimme the Light,"hip hop, pop"
Faith Evans,I Love You,"hip hop, pop, R&B"
Charli Baltimore,Down 4 U,pop
Kylie Minogue,Love at First Sight,"pop, Dance/Electronic"
N.O.R.E.,Nothin',"hip hop, pop"
Gareth Gates,Unchained Melody,pop
Diddy,I Need a Girl (Pt. 1) [feat. Usher & Loon],"hip hop, pop"
Big Brovaz,Nu Flow,pop
No Doubt,Hey Baby,"rock, pop"
Ashanti,Baby,"hip hop, pop, R&B"
Sophie Ellis-Bextor,Murder On The Dancefloor,"pop, Dance/Electronic"
Justin Timberlake,Like I Love You,pop
Mary J. Blige,Rainy Dayz,"pop, R&B"
A1,Caught in the Middle,pop
Eminem,Cleanin' Out My Closet,hip hop
Ashanti,Happy,"hip hop, pop, R&B"
Delta Goodrem,Born to Try,pop
P!nk,Get the Party Started,pop
Alicia Keys,A Woman's Worth,"pop, R&B"
Daniel Bedingfield,Gotta Get Thru This - D'N'D Radio Edit,pop
Coldplay,Clocks,"rock, pop"
Missy Elliott,Work It,"hip hop, pop, R&B"
Ronan Keating,If Tomorrow Never Comes,"pop, rock"
Big Tymers,Still Fly,"hip hop, pop"
Creed,My Sacrifice,"pop, rock, metal"
Ja Rule,Always On Time,"hip hop, pop, R&B"
Ashanti,Foolish,"hip hop, pop, R&B"
Avril Lavigne,Sk8er Boi,pop
DJ Sammy,Heaven,pop
Britney Spears,"I'm Not a Girl, Not Yet a Woman",pop
Cam?€?ron,Oh Boy,"hip hop, pop"
Red Hot Chili Peppers,By the Way,rock
Elvis Presley,A Little Less Conversation - JXL Radio Edit Remix,"rock, easy listening"
Atomic Kitten,The Tide Is High - Radio Mix,pop
*NSYNC,Girlfriend,pop
Robbie Williams,Somethin' Stupid,"pop, rock"
Alanis Morissette,Hands Clean,"pop, Folk/Acoustic"
Usher,U Don't Have to Call,"hip hop, pop, R&B"
Creed,One Last Breath - Radio Version,"pop, rock, metal"
The Goo Goo Dolls,Here Is Gone,"pop, rock"
Puddle Of Mudd,She Hates Me,"rock, metal"
Ludacris,Rollout (My Business),"hip hop, pop"
Blazin' Squad,Crossroads - Radio Edit,set()
Default,Wasting My Time,"rock, pop, metal"
Michelle Branch,All You Wanted,"pop, Folk/Acoustic"
Daniel Bedingfield,If You're Not The One,pop
Enrique Iglesias,Escape,"pop, latin"
Puddle Of Mudd,Blurry,"rock, metal"
Coldplay,In My Place,"rock, pop"
Outkast,The Whole World (feat. Killer Mike),"hip hop, pop"
P!nk,Don't Let Me Get Me - Radio Edit,pop
50 Cent,In Da Club,"hip hop, pop"
Sean Paul,Get Busy,"hip hop, pop"
Eminem,"Lose Yourself - From ""8 Mile"" Soundtrack",hip hop
Beyonc??,Crazy In Love (feat. Jay-Z),"pop, R&B"
Counting Crows,Big Yellow Taxi,"rock, pop"
Black Eyed Peas,Where Is The Love?,"hip hop, pop"
Jennifer Lopez,Jenny from the Block (feat. Jadakiss & Styles P.) - Track Masters Remix,"hip hop, pop, R&B"
Black Eyed Peas,Shut Up,"hip hop, pop"
t.A.T.u.,All The Things She Said,pop
Benny Benassi,Satisfaction (Isak Original Extended) - Benny Benassi Presents The Biz,"pop, Dance/Electronic"
Busta Rhymes,I Know What You Want (feat. Flipmode Squad),"hip hop, pop"
Panjabi MC,Mundian to Bach Ke,"World/Traditional, hip hop"
Mis-Teeq,Scandalous - U.S. Radio Edit,"pop, Dance/Electronic"
JAY-Z,03' Bonnie & Clyde,hip hop
50 Cent,P.I.M.P.,"hip hop, pop"
Jamelia,Superstar,pop
Linkin Park,Faint,"rock, metal"
DMX,X Gon' Give It To Ya,"hip hop, pop"
Evanescence,Bring Me To Life,metal
Sugababes,Hole In The Head,"pop, R&B"
Craig David,Rise & Fall (feat. Sting),"hip hop, pop, R&B"
Three Days Grace,I Hate Everything About You,"rock, metal"
Lil Jon & The East Side Boyz,Get Low,"hip hop, pop"
B2K,"Bump, Bump, Bump (feat. P. Diddy)","hip hop, pop, R&B"
Baby Bash,Suga Suga,"hip hop, pop, R&B, latin"
Aaliyah,Miss You - Main,"hip hop, pop, R&B"
Britney Spears,Me Against the Music (feat. Madonna) - LP Version / Video Mix,pop
Blue,Sorry Seems To Be The Hardest Word,pop
Delta Goodrem,Lost Without You,pop
Justin Timberlake,Rock Your Body,pop
The White Stripes,Seven Nation Army,"rock, blues"
Youngbloodz,Damn! (feat. Lil' Jon) - Club Mix,"hip hop, pop"
Beyonc??,Baby Boy (feat. Sean Paul),"pop, R&B"
Lil' Kim,Magic Stick,"hip hop, pop, R&B"
Christina Aguilera,Can't Hold Us Down (feat. Lil' Kim),pop
Nickelback,Someday,"rock, metal"
Blue,U Make Me Wanna - Radio Edit,pop
Ashanti,Rain On Me,"hip hop, pop, R&B"
Trapt,Headstrong,"rock, metal"
Simply Red,Sunrise,"rock, R&B, Folk/Acoustic, pop"
Lumidee,"Never Leave You (Uh Oooh, Uh Oooh)","pop, R&B"
Girls Aloud,Sound Of The Underground,"pop, Dance/Electronic"
Nelly,Shake Ya Tailfeather (feat. P. Diddy & Murphy Lee) - 2016 Remaster,"hip hop, pop, R&B"
Room 5,Make Luv,Dance/Electronic
Fatman Scoop,Be Faithful,hip hop
Limp Bizkit,Behind Blue Eyes,metal
Sugababes,Too Lost In You,"pop, R&B"
50 Cent,"Wanksta - From ""8 Mile"" Soundtrack","hip hop, pop"
Pharrell Williams,Frontin' (feat. Jay-Z) - Club Mix,"hip hop, pop"
Chingy,Right Thurr,"hip hop, pop, R&B"
Eminem,Sing For The Moment,hip hop
Lil' Kim,The Jump Off (feat. Mr. Cheeks) - Remix,"hip hop, pop, R&B"
M??a,My Love Is Like...Wo - Main Mix,"pop, R&B"
50 Cent,21 Questions,"hip hop, pop"
Nelly,Air Force Ones,"hip hop, pop, R&B"
Missy Elliott,Gossip Folks (feat. Ludacris),"hip hop, pop, R&B"
Girls Aloud,Jump,"pop, Dance/Electronic"
Ultrabeat,Pretty Green Eyes - Radio Edit,"pop, Dance/Electronic"
Christina Aguilera,Fighter,pop
Frankie J,Don't Wanna Try,"hip hop, pop, R&B"
Snoop Dogg,Beautiful,"hip hop, pop"
Floetry,Say Yes,"hip hop, pop, R&B"
Ginuwine,In Those Jeans,"hip hop, pop, R&B"
Electric Six,Danger! High Voltage - Soulchild Radio Mix,rock
Rachel Stevens,Sweet Dreams My LA Ex - Radio Edit,"pop, Dance/Electronic"
Ludacris,Stand Up,"hip hop, pop"
Nas,I Can,hip hop
3 Doors Down,When I'm Gone,"pop, rock, metal"
Tyrese,How You Gonna Act Like That,"hip hop, pop, R&B"
Justin Timberlake,Cry Me a River,pop
Westlife,Mandy,pop
No Doubt,It's My Life,"rock, pop"
Amanda Perez,Angel,"pop, R&B"
JAY-Z,Excuse Me Miss,hip hop
Coldplay,Clocks,"rock, pop"
Kelly Rowland,Stole,"hip hop, pop, R&B"
Missy Elliott,Work It,"hip hop, pop, R&B"
Ashanti,Rock Wit U (Awww Baby),"hip hop, pop, R&B"
Junior Senior,Move Your Feet,pop
Audioslave,Like a Stone,"rock, metal"
Sean Paul,Like Glue,"hip hop, pop"
Jaheim,Put That Woman First,"pop, R&B"
Jennifer Lopez,All I Have (feat. LL Cool J),"hip hop, pop, R&B"
Monica,So Gone,"pop, R&B"
Dido,White Flag,pop
The Roots,The Seed (2.0),hip hop
Chingy,Holidae In,"hip hop, pop, R&B"
Fabolous,Can't Let You Go (feat. Mike Shorey & Lil' Mo),"hip hop, pop, R&B"
Kelly Clarkson,Miss Independent,"pop, R&B"
Ja Rule,Mesmerize,"hip hop, pop, R&B"
Matchbox Twenty,Unwell,"pop, rock"
Outkast,The Way You Move (feat. Sleepy Brown),"hip hop, pop"
Fabolous,Into You (feat. Tamia),"hip hop, pop, R&B"
Switchfoot,Meant to Live,"rock, pop"
Daniel Bedingfield,If You're Not The One,pop
Good Charlotte,Lifestyles of the Rich & Famous,"rock, metal"
Wayne Wonder,No Letting Go,"hip hop, R&B"
The Strokes,Reptilia,rock
Avril Lavigne,I'm with You,pop
Will Young,Leave Right Now,pop
Usher,Yeah! (feat. Lil Jon & Ludacris),"hip hop, pop, R&B"
Maroon 5,This Love,pop
Britney Spears,Toxic,pop
Outkast,Hey Ya!,"hip hop, pop"
Hoobastank,The Reason,"pop, rock, metal"
Anastacia,Left Outside Alone,pop
Daddy Yankee,Gasolina,latin
Black Eyed Peas,Let's Get It Started - Spike Mix,"hip hop, pop"
O-Zone,Dragostea Din Tei,pop
Terror Squad,Lean Back,hip hop
Anastacia,Sick and Tired,pop
Gwen Stefani,What You Waiting For?,"pop, R&B"
Ashanti,Only U - No Intro,"hip hop, pop, R&B"
The Rasmus,In the Shadows,metal
Houston,I Like That,"hip hop, pop"
Beyonc??,Naughty Girl,"pop, R&B"
Linkin Park,Numb,"rock, metal"
Lloyd Banks,On Fire,"hip hop, pop"
Akon,Locked Up,pop
D12,My Band,"hip hop, pop, rock"
Jay Sean,Eyes On You - Radio Mix,"hip hop, pop, R&B"
Mario Winans,I Don't Wanna Know (feat. Enya & P. Diddy) - 2016 Remaster,pop
Destiny's Child,Lose My Breath,"pop, R&B"
Eric Prydz,Call on Me - Radio Mix,"pop, Dance/Electronic"
Ciara,Goodies (feat. Petey Pablo),"pop, R&B"
Kelis,Trick Me,"pop, R&B, Dance/Electronic"
LL Cool J,Headsprung,"hip hop, pop, R&B"
Spiderbait,Black Betty - Edit,rock
George Michael,Amazing,set()
Britney Spears,My Prerogative,pop
Nina Sky,Move Ya Body,"pop, R&B"
Baby Bash,Suga Suga,"hip hop, pop, R&B, latin"
Petey Pablo,Freek-A-Leek,"hip hop, pop"
JAY-Z,Dirt Off Your Shoulder,hip hop
Juanes,La Camisa Negra,"pop, latin"
Avril Lavigne,Nobody's Home,pop
Robbie Williams,Radio,"pop, rock"
Black Eyed Peas,Hey Mama,"hip hop, pop"
Ying Yang Twins,Salt Shaker,"hip hop, pop"
Enrique Iglesias,Not In Love - Radio Mix,"pop, latin"
Kelis,Milkshake,"pop, R&B, Dance/Electronic"
Linkin Park,Breaking the Habit,"rock, metal"
JoJo,Leave (Get Out) - Radio Edit,"hip hop, pop, R&B"
Christina Milian,Dip It Low,"hip hop, pop, R&B"
Avant,Read Your Mind,"pop, R&B"
Eminem,Just Lose It,hip hop
Sugababes,Too Lost In You,"pop, R&B"
Snoop Dogg,Drop It Like It's Hot,"hip hop, pop"
Sean Paul,I'm Still in Love with You (feat. Sasha),"hip hop, pop"
The Shapeshifters,Lola's Theme - Radio Edit,Dance/Electronic
D12,How Come,"hip hop, pop, rock"
Basement Jaxx,Good Luck,"pop, Dance/Electronic"
Kevin Lyttle,Turn Me On,hip hop
Chingy,One Call Away,"hip hop, pop, R&B"
T.I.,Bring Em Out,"hip hop, pop"
DJ Casper,Cha Cha Slide - Hardino Mix,set()
Kylie Minogue,I Believe in You,"pop, Dance/Electronic"
Twista,Overnight Celebrity,"hip hop, pop, R&B"
N.E.R.D,She Wants To Move,hip hop
Britney Spears,Everytime,pop
U2,Vertigo,"World/Traditional, rock"
Franz Ferdinand,Take Me Out,rock
J-Kwon,Tipsy - Club Mix,"hip hop, pop"
G-Unit,Wanna Get To Know You,"hip hop, pop"
Lil' Flip,Sunshine (feat. Lea),"hip hop, pop"
Kanye West,Jesus Walks,hip hop
Evanescence,My Immortal,metal
Nelly,My Place,"hip hop, pop, R&B"
Lemar,If There's Any Justice,R&B
No Doubt,It's My Life,"rock, pop"
Avril Lavigne,Don't Tell Me,pop
Twista,Slow Jamz,"hip hop, pop, R&B"
Green Day,American Idiot,rock
Kelis,Millionaire,"pop, R&B, Dance/Electronic"
Scissor Sisters,Comfortably Numb,"pop, rock, Dance/Electronic"
Alicia Keys,Diary (feat. Tony! Toni! Tone! & Jermaine Paul),"pop, R&B"
Kanye West,Through The Wire,hip hop
Special D.,Come With Me - Radio Edit,pop
Ludacris,Splash Waterfalls,"hip hop, pop"
Avril Lavigne,My Happy Ending,pop
Dido,White Flag,pop
Eamon,Fuck It (I Don't Want You Back),set()
Beyonc??,"Me, Myself and I","pop, R&B"
3 Doors Down,Here Without You,"pop, rock, metal"
Kanye West,All Falls Down,hip hop
Twista,Sunshine (feat. Anthony Hamilton),"hip hop, pop, R&B"
Katie Melua,The Closest Thing to Crazy,"pop, easy listening, jazz"
Usher,My Boo,"hip hop, pop, R&B"
Lloyd,Southside,"hip hop, pop, R&B"
LMC,Take Me To The Clouds Above - LMC Vs. U2 / Radio Edit,Dance/Electronic
The Streets,Fit but You Know It,"hip hop, Dance/Electronic"
JUVENILE,Slow Motion,"hip hop, pop"
Outkast,The Way You Move (feat. Sleepy Brown),"hip hop, pop"
Girls Aloud,Love Machine,"pop, Dance/Electronic"
Jessica Simpson,With You,"pop, R&B"
Eminem,Like Toy Soldiers,hip hop
Gary Jules,Mad World (Feat. Michael Andrews),pop
Ashlee Simpson,Pieces Of Me,pop
Will Young,Leave Right Now,pop
Alicia Keys,You Don't Know My Name,"pop, R&B"
Mariah Carey,We Belong Together,"pop, R&B"
Mario,Let Me Love You,"pop, R&B"
Kanye West,Gold Digger,hip hop
Rihanna,Pon de Replay,"hip hop, pop, R&B"
50 Cent,Candy Shop,"hip hop, pop"
James Blunt,You're Beautiful,pop
Green Day,Boulevard of Broken Dreams,rock
The Pussycat Dolls,Don't Cha,"pop, R&B"
Daniel Powter,Bad Day,pop
Akon,Bananza (Belly Dancer),pop
Madonna,Hung Up,pop
50 Cent,Just A Lil Bit,"hip hop, pop"
Crazy Frog,Axel F,pop
Eminem,Ass Like That,hip hop
Sean Paul,We Be Burnin',"hip hop, pop"
Gwen Stefani,Rich Girl,"pop, R&B"
The Chemical Brothers,Galvanize,Dance/Electronic
Fort Minor,Remember the Name (feat. Styles of Beyond),"hip hop, pop, rock"
50 Cent,Disco Inferno,"hip hop, pop"
The Game,How We Do,"hip hop, pop"
Chris Brown,Run It! (feat. Juelz Santana),"hip hop, pop, R&B"
Mariah Carey,It's Like That,"pop, R&B"
Black Eyed Peas,My Humps,"hip hop, pop"
Ciara,Oh (feat. Ludacris),"pop, R&B"
50 Cent,Outta Control - Remix,"hip hop, pop"
Baby Bash,"Baby, I'm Back","hip hop, pop, R&B, latin"
Jennifer Lopez,Get Right,"hip hop, pop, R&B"
JAY-Z,Numb / Encore,hip hop
The Game,Hate It Or Love It,"hip hop, pop"
Gorillaz,Feel Good Inc.,hip hop
Black Eyed Peas,Don't Phunk With My Heart,"hip hop, pop"
Akon,Lonely,pop
Bodyrockers,I Like The Way - Radio Edit,"rock, Dance/Electronic"
Sugababes,Push The Button,"pop, R&B"
Jeezy,Soul Survivor,"hip hop, pop"
Eminem,Mockingbird,hip hop
Shakira,La Tortura (feat. Alejandro Sanz),"pop, latin"
Gorillaz,DARE,hip hop
Snoop Dogg,Signs,"hip hop, pop"
Robbie Williams,Tripping,"pop, rock"
David Banner,Play,"hip hop, pop"
Trillville,Some Cut,"hip hop, pop"
D4L,Laffy Taffy,"hip hop, pop"
Missy Elliott,Lose Control (feat. Ciara & Fat Man Scoop),"hip hop, pop, R&B"
Rob Thomas,Lonely No More,"pop, Folk/Acoustic"
Brian McFadden,Almost Here,set()
Bobby V.,"Slow Down - 12"" Version","hip hop, pop, R&B"
Backstreet Boys,Incomplete,pop
Pretty Ricky,Grind With Me,"hip hop, pop, R&B"
Kanye West,Diamonds From Sierra Leone - Remix,hip hop
Snoop Dogg,Drop It Like It's Hot,"hip hop, pop"
Fat Joe,Get It Poppin' (feat. Nelly) - Radio Version,"hip hop, pop"
Destiny's Child,Soldier (feat. T.I. & Lil' Wayne),"pop, R&B"
Ciara,"1, 2 Step (feat. Missy Elliott) - Main","pop, R&B"
Amerie,1 Thing,"hip hop, pop, R&B"
Ludacris,Get Back,"hip hop, pop"
Franz Ferdinand,Do You Want To,rock
Natalie Imbruglia,Shiver,"pop, Folk/Acoustic"
Gwen Stefani,Hollaback Girl,"pop, R&B"
Pretty Ricky,Your Body,"hip hop, pop, R&B"
Thirty Seconds To Mars,The Kill,rock
Alicia Keys,Karma,"pop, R&B"
2Pac,Ghetto Gospel,hip hop
Craig David,Don't Love You No More (I'm Sorry),"hip hop, pop, R&B"
Katie Melua,Nine Million Bicycles,"pop, easy listening, jazz"
Lil Jon & The East Side Boyz,Lovers And Friends,"hip hop, pop"
Mariah Carey,Don't Forget About Us - Radio Edit,"pop, R&B"
Ying Yang Twins,Wait (The Whisper Song),"hip hop, pop"
Will Smith,Switch,"hip hop, pop"
Bow Wow,Like You (feat. Ciara),"hip hop, pop, R&B"
Kaiser Chiefs,Everyday I Love You Less And Less,rock
Kelly Clarkson,Behind These Hazel Eyes,"pop, R&B"
Black Eyed Peas,Don't Lie,"hip hop, pop"
Westlife,You Raise Me Up,pop
Ray J,One Wish,"hip hop, pop, R&B"
Papa Roach,Scars,"rock, metal"
Arctic Monkeys,I Bet You Look Good On The Dancefloor,rock
Shayne Ward,That's My Goal,pop
Bow Wow,Let Me Hold You (feat. Omarion),"hip hop, pop, R&B"
Kaiser Chiefs,I Predict A Riot,rock
Usher,Caught Up,"hip hop, pop, R&B"
Kelly Clarkson,Because of You,"pop, R&B"
3 Doors Down,Let Me Go,"pop, rock, metal"
Nickelback,Photograph,"rock, metal"
T-Pain,I'm Sprung,"hip hop, pop, R&B"
Destiny's Child,Cater 2 U,"pop, R&B"
The Pussycat Dolls,Stickwitu,"pop, R&B"
Ryan Cabrera,TRUE,pop
Stereophonics,Dakota,"rock, pop"
Eminem,Like Toy Soldiers,hip hop
Nelly,Over And Over,"hip hop, pop, R&B"
Coldplay,Speed of Sound,"rock, pop"
KT Tunstall,Suddenly I See,"World/Traditional, pop, Folk/Acoustic"
Destiny's Child,Girl,"pop, R&B"
Kelly Clarkson,Since U Been Gone,"pop, R&B"
U2,Sometimes You Can't Make It On Your Own,"World/Traditional, rock"
The All-American Rejects,Dirty Little Secret,"rock, pop"
Toby Keith,As Good As I Once Was,country
Gwen Stefani,Cool,"pop, R&B"
Foo Fighters,Best of You,"rock, metal"
Shakira,Hips Don't Lie (feat. Wyclef Jean),"pop, latin"
Sean Paul,Temperature,"hip hop, pop"
Justin Timberlake,SexyBack (feat. Timbaland),pop
Beyonc??,Irreplaceable,"pop, R&B"
Amy Winehouse,Rehab,R&B
Rihanna,SOS,"hip hop, pop, R&B"
Gnarls Barkley,Crazy,"hip hop, R&B"
Busta Rhymes,Touch It,"hip hop, pop"
Nelly Furtado,Maneater,"hip hop, pop, latin"
Bob Sinclar,Rock This Party - Everybody Dance Now,"pop, Dance/Electronic"
Diddy,Come to Me (feat. Nicole Scherzinger),"hip hop, pop"
Madonna,Sorry,pop
Chamillionaire,Ridin',"hip hop, pop"
Black Eyed Peas,Pump It,"hip hop, pop"
Nelly Furtado,Promiscuous,"hip hop, pop, latin"
Fedde Le Grand,Put Your Hands Up for Detroit - Radio Edit,"pop, Dance/Electronic"
Sean Paul,(When You Gonna) Give It Up to Me (feat. Keyshia Cole) - Radio Version,"hip hop, pop"
The Pussycat Dolls,Buttons,"pop, R&B"
Ciara,Get Up (feat. Chamillionaire),"pop, R&B"
Eminem,Shake That,hip hop
Cherish,Do It To It,"hip hop, pop, R&B"
Muse,Supermassive Black Hole,rock
Chris Brown,Gimme That,"hip hop, pop, R&B"
Infernal,From Paris to Berlin,pop
Cassie,Me & U,"pop, R&B"
E-40,U and Dat (feat. T. Pain & Kandi Girl),"hip hop, pop"
The Pussycat Dolls,Beep,"pop, R&B"
Lil Jon,Snap Yo Fingers,"hip hop, pop"
Armand Van Helden,My My My - Radio Edit,"pop, Dance/Electronic"
The Notorious B.I.G.,"Nasty Girl (feat. Diddy, Nelly, Jagged Edge & Avery Storm) - 2005 Remaster",hip hop
Yung Joc,It's Goin' Down (feat. Nitti),"hip hop, pop"
Shayne Ward,No Promises,pop
Justin Timberlake,My Love (feat. T.I.),pop
Nickelback,Savin' Me,"rock, metal"
Nelly,Grillz,"hip hop, pop, R&B"
Take That,Patience,pop
Fergie,London Bridge,"pop, R&B"
Cascada,Everytime We Touch - Radio Edit,"hip hop, pop, Dance/Electronic"
D4L,Laffy Taffy,"hip hop, pop"
LL Cool J,Control Myself,"hip hop, pop, R&B"
Beyonc??,Deja Vu (feat. Jay-Z),"pop, R&B"
P!nk,Stupid Girls,pop
Eminem,When I'm Gone,hip hop
Kelis,Bossy,"pop, R&B, Dance/Electronic"
Bob Sinclar,Love Generation - Radio Edit,"pop, Dance/Electronic"
Meck,Thunder in My Heart Again (Radio Edit),set()
Mary J. Blige,Be Without You - Kendu Mix,"pop, R&B"
Girls Aloud,Something Kinda Ooooh,"pop, Dance/Electronic"
Rihanna,Unfaithful,"hip hop, pop, R&B"
Kanye West,Touch The Sky,hip hop
Dem Franchize Boyz,"Lean Wit It, Rock Wit It","hip hop, pop"
Evanescence,Call Me When You're Sober,metal
Chingy,Pullin' Me Back,"hip hop, pop, R&B"
Nickelback,Far Away,"rock, metal"
Fall Out Boy,"Dance, Dance",rock
Leona Lewis,A Moment Like This,"pop, R&B"
T.I.,What You Know,"hip hop, pop"
Ludacris,Money Maker,"hip hop, pop"
Nick Lachey,What's Left Of Me,pop
Jibbs,Chain Hang Low,"hip hop, pop"
Arctic Monkeys,When The Sun Goes Down,rock
Rascal Flatts,Life is a Highway,country
Beyonc??,Check On It (feat. Slim Thug),"pop, R&B"
Keyshia Cole,Love,"hip hop, pop, R&B"
Lily Allen,Smile,pop
Ne-Yo,Sexy Love,"pop, R&B"
JoJo,Too Little Too Late,"hip hop, pop, R&B"
Mary J. Blige,One,"pop, R&B"
Bubba Sparxxx,Ms. New Booty,"hip hop, pop, country"
Amy Winehouse,You Know I'm No Good,R&B
Rascal Flatts,What Hurts The Most,country
Red Hot Chili Peppers,Dani California,rock
Scissor Sisters,I Don't Feel Like Dancin',"pop, rock, Dance/Electronic"
Ne-Yo,So Sick,"pop, R&B"
Hinder,Lips Of An Angel,"pop, rock, metal"
The Raconteurs,"Steady, As She Goes",rock
The Fratellis,Chelsea Dagger,rock
Fort Minor,Where'd You Go (feat. Holly Brook & Jonah Matranga),"hip hop, pop, rock"
The Pussycat Dolls,Stickwitu,"pop, R&B"
Panic! At The Disco,I Write Sins Not Tragedies,rock
James Blunt,Goodbye My Lover,pop
Christina Aguilera,Ain't No Other Man,pop
Westlife,The Rose,pop
Keane,Is It Any Wonder?,pop
Orson,No Tomorrow,pop
T-Pain,I'm N Luv (Wit a Stripper) (feat. Mike Jones),"hip hop, pop, R&B"
KT Tunstall,Black Horse And The Cherry Tree,"World/Traditional, pop, Folk/Acoustic"
Natasha Bedingfield,Unwritten,pop
Razorlight,America,"rock, pop"
James Morrison,You Give Me Something,"pop, R&B"
Snow Patrol,You're All I Have,"World/Traditional, rock, pop"
The Fray,How to Save a Life,pop
Sandi Thom,I Wish I Was a Punk Rocker (with Flowers in My Hair),"World/Traditional, pop"
My Chemical Romance,Welcome to the Black Parade,rock
Razorlight,In The Morning,"rock, pop"
The All-American Rejects,Dirty Little Secret,"rock, pop"
James Morrison,Wonderful World,"pop, R&B"
Chris Brown,Yo (Excuse Me Miss),"hip hop, pop, R&B"
P!nk,Who Knew,pop
The Kooks,Naive,rock
Leona Lewis,Bleeding Love,"pop, R&B"
Rihanna,Umbrella,"hip hop, pop, R&B"
Britney Spears,Gimme More,pop
Fergie,Big Girls Don't Cry (Personal),"pop, R&B"
Mark Ronson,Valerie (feat. Amy Winehouse) - Version Revisited,pop
Plain White T's,Hey There Delilah,pop
Justin Timberlake,What Goes Around.../...Comes Around (Interlude),pop
Gwen Stefani,The Sweet Escape,"pop, R&B"
Timbaland,The Way I Are,"hip hop, pop, R&B"
Nelly Furtado,Say It Right,"hip hop, pop, latin"
Ida Corr,Let Me Think About It,set()
Alex Gaudino,Destination Calabria - Radio Edit,Dance/Electronic
September,Cry for You,"pop, Dance/Electronic"
Akon,Smack That,pop
Timbaland,Give It To Me,"hip hop, pop, R&B"
50 Cent,Ayo Technology,"hip hop, pop"
Eric Prydz,Proper Education - Radio Edit,"pop, Dance/Electronic"
Fedde Le Grand,Put Your Hands Up For Detroit - Radio Edit,"pop, Dance/Electronic"
Ciara,Like a Boy,"pop, R&B"
Kanye West,Stronger,hip hop
Beyonc??,Beautiful Liar,"pop, R&B"
Gym Class Heroes,Cupid's Chokehold / Breakfast in America - Radio Mix,"hip hop, pop"
Akon,I Wanna Love You,pop
Soulja Boy,Crank That (Soulja Boy),"hip hop, pop"
Fat Joe,Make It Rain,"hip hop, pop"
P!nk,U + Ur Hand,pop
Rihanna,Shut Up And Drive,"hip hop, pop, R&B"
Lloyd,Get It Shawty,"hip hop, pop, R&B"
Kanye West,Can't Tell Me Nothing,hip hop
Camille Jones,The Creeps - Fedde Le Grand Radio Mix,set()
Linkin Park,What I've Done,"rock, metal"
Keyshia Cole,Last Night,"hip hop, pop, R&B"
Chris Brown,Kiss Kiss (feat. T-Pain),"hip hop, pop, R&B"
Shop Boyz,Party Like A Rock Star,"hip hop, pop"
Finger Eleven,Paralyzer,"rock, metal"
Justin Timberlake,Summer Love,pop
MiMS,This Is Why I'm Hot,"hip hop, pop"
Fabolous,Make Me Better,"hip hop, pop, R&B"
Seether,Fake It,"rock, metal"
Take That,Patience,pop
Arctic Monkeys,Brianstorm,rock
Justin Timberlake,My Love (feat. T.I.),pop
Fergie,Glamorous,"pop, R&B"
Linkin Park,Bleed It Out,"rock, metal"
My Chemical Romance,Teenagers,rock
Calvin Harris,Acceptable in the 80's,"hip hop, pop, Dance/Electronic"
Sugababes,About You Now,"pop, R&B"
Avril Lavigne,Girlfriend,pop
Ne-Yo,Because Of You,"pop, R&B"
Daughtry,It's Not Over,"pop, rock, metal"
Unk,Walk It Out,"hip hop, pop"
Lloyd,You,"hip hop, pop, R&B"
Klaxons,Golden Skans,rock
T-Pain,Bartender (feat. Akon),"hip hop, pop, R&B"
Baby Boy Da Prince,The Way I Live - Main Explicit,"hip hop, pop"
Fergie,Fergalicious,"pop, R&B"
Omarion,Ice Box,"hip hop, pop, R&B"
Pretty Ricky,On the Hotline - Amended Version,"hip hop, pop, R&B"
Nickelback,Rockstar,"rock, metal"
Fall Out Boy,Thnks fr th Mmrs,rock
Justin Timberlake,LoveStoned / I Think She Knows (Interlude),pop
All Time Low,"Dear Maria, Count Me In",rock
Amy Winehouse,Back To Black,R&B
Keyshia Cole,Let It Go,"hip hop, pop, R&B"
Ciara,Promise,"pop, R&B"
Enrique Iglesias,Do You Know? (The Ping Pong Song),"pop, latin"
T2,Heartbroken - Edit,Dance/Electronic
Robyn,With Every Heartbeat,"pop, Dance/Electronic"
Maroon 5,Makes Me Wonder,pop
Fall Out Boy,"This Ain't A Scene, It's An Arms Race",rock
Paramore,Misery Business,"pop, rock"
Hinder,Better Than Me,"pop, rock, metal"
Huey,"Pop, Lock & Drop It - Video Edit","hip hop, pop"
Foo Fighters,The Pretender,"rock, metal"
Plies,Shawty (feat. T Pain),"hip hop, pop, R&B"
Kaiser Chiefs,Ruby,rock
Mark Ronson,Stop Me (feat. Daniel Merriweather),pop
Bow Wow,Outta My System (feat. T-Pain & Johnt?? Austin),"hip hop, pop, R&B"
Jim Jones,We Fly High,"hip hop, pop"
The Red Jumpsuit Apparatus,Face Down,pop
MIKA,Grace Kelly,pop
Christina Aguilera,Candyman,pop
Sean Kingston,Beautiful Girls,"hip hop, pop, R&B"
Akon,Don't Matter,pop
James Blunt,1973,pop
Carrie Underwood,Before He Cheats,"pop, country"
Just Jack,Starz In Their Eyes,Dance/Electronic
T-Pain,Buy U a Drank (Shawty Snappin') (feat. Yung Joc),"hip hop, pop, R&B"
Bone Thugs-N-Harmony,I Tried,"hip hop, pop"
Avril Lavigne,When You're Gone,pop
Rich Boy,Throw Some D's,"hip hop, pop"
MIKA,Love Today,pop
Manic Street Preachers,Your Love Alone Is Not Enough (feat. Nina Persson),"rock, pop"
Elliott Yamin,Wait for You,set()
Wyclef Jean,"Sweetest Girl (Dollar Bill) (feat. Akon, Lil' Wayne & Niia)",set()
Boys Like Girls,The Great Escape,pop
Take That,Rule The World - Radio Edit,pop
J. Holiday,Bed,"hip hop, pop, R&B, Dance/Electronic"
Red Hot Chili Peppers,Snow (Hey Oh),rock
Ludacris,Runaway Love,"hip hop, pop"
Flo Rida,Low (feat. T-Pain),"hip hop, pop"
Katy Perry,I Kissed A Girl,pop
Rihanna,Take A Bow,"hip hop, pop, R&B"
Alicia Keys,No One,"pop, R&B"
Timbaland,Apologize,"hip hop, pop, R&B"
Ne-Yo,Miss Independent,"pop, R&B"
Chris Brown,With You,"hip hop, pop, R&B"
Beyonc??,If I Were a Boy,"pop, R&B"
Kardinal Offishall,Dangerous,"hip hop, pop, R&B"
Madcon,Beggin (original version),"hip hop, pop"
September,Cry for You,"pop, Dance/Electronic"
Rihanna,Disturbia,"hip hop, pop, R&B"
Guru Josh Project,Infinity 2008,hip hop
Britney Spears,Break the Ice,pop
Lil Wayne,Lollipop,"hip hop, pop"
Basshunter,Now You're Gone - Video Edit,pop
Kanye West,Flashing Lights,hip hop
Madonna,4 Minutes (feat. Justin Timberlake & Timbaland),pop
Katy Perry,Hot N Cold,pop
Rihanna,Don't Stop The Music,"hip hop, pop, R&B"
Snoop Dogg,Sensual Seduction,"hip hop, pop"
Akon,Right Now (Na Na Na),pop
Britney Spears,Womanizer,pop
Eric Prydz,Pjanoo - Radio Edit,"pop, Dance/Electronic"
Kelly Rowland,Work,"hip hop, pop, R&B"
Jeezy,Put On,"hip hop, pop"
Madonna,Give It 2 Me,pop
The Pussycat Dolls,When I Grow Up,"pop, R&B"
will.i.am,Heartbreaker,"hip hop, pop"
Soulja Boy,Crank That (Soulja Boy),"hip hop, pop"
Britney Spears,Piece of Me,pop
T.I.,Live Your Life,"hip hop, pop"
Ne-Yo,Closer,"pop, R&B"
Lil Wayne,A Milli,"hip hop, pop"
Colby O'Donis,What You Got,"hip hop, pop, R&B"
Miley Cyrus,See You Again,pop
Basshunter,All I Ever Wanted - Radio Edit,pop
Chris Brown,Kiss Kiss (feat. T-Pain),"hip hop, pop, R&B"
Finger Eleven,Paralyzer,"rock, metal"
Alesha Dixon,The Boy Does Nothing,pop
Dizzee Rascal,Dance Wiv Me - Radio Edit,"hip hop, pop, Dance/Electronic"
Gabriella Cilmi,Sweet About Me,R&B
Jack White,Another Way to Die,"rock, blues"
Plies,Hypnotized (feat. Akon),"hip hop, pop, R&B"
The Pussycat Dolls,I Hate This Part,"pop, R&B"
Sean Kingston,Take You There,"hip hop, pop, R&B"
Natasha Bedingfield,Pocketful of Sunshine,pop
The Offspring,"You're Gonna Go Far, Kid","rock, pop, metal"
Kanye West,Homecoming,hip hop
Estelle,American Boy,R&B
Saving Abel,Addicted,"rock, metal"
Pendulum,Propane Nightmares,Dance/Electronic
The Game,My Life,"hip hop, pop"
Danity Kane,Damaged,"pop, R&B"
P!nk,So What,pop
Kanye West,Love Lockdown,hip hop
Gym Class Heroes,Cookie Jar (feat. The-Dream),"hip hop, pop"
M.I.A.,Paper Planes,"pop, rock"
3 Doors Down,It's Not My Time,"pop, rock, metal"
Kylie Minogue,Wow,"pop, Dance/Electronic"
Mariah Carey,Touch My Body,"pop, R&B"
MGMT,Kids,rock
The Ting Tings,Shut Up and Let Me Go,"pop, rock, Dance/Electronic"
Lil Wayne,Got Money,"hip hop, pop"
Santana,Into the Night (feat. Chad Kroeger),"rock, blues, latin"
The-Dream,I Luv Your Girl,"hip hop, pop, R&B"
Wiley,Wearing My Rolex - Radio Edit,"hip hop, Dance/Electronic"
Usher,Love in This Club (feat. Young Jeezy),"hip hop, pop, R&B"
Sam Sparro,Black & Gold - Radio Edit,"pop, Dance/Electronic"
"H ""two"" O",What's It Gonna Be (feat. Platnum),Dance/Electronic
The Ting Tings,That's Not My Name,"pop, rock, Dance/Electronic"
Plies,"Bust It Baby, Pt. 2 (feat. Ne-Yo)","hip hop, pop, R&B"
James Morrison,Broken Strings,"pop, R&B"
Leona Lewis,Run,"pop, R&B"
Metro Station,Shake It,"pop, rock"
T.I.,Whatever You Like,"hip hop, pop"
Trey Songz,Can't Help but Wait,"hip hop, pop, R&B"
OneRepublic,Stop And Stare,pop
Alexandra Burke,Hallelujah,pop
Mary J. Blige,Just Fine,"pop, R&B"
Jordin Sparks,One Step At a Time,"pop, R&B"
Coldplay,Viva La Vida,"rock, pop"
Kings of Leon,Sex on Fire,rock
Kanye West,Good Life,hip hop
Duffy,Mercy,"pop, R&B"
David Archuleta,Crush,pop
J. Holiday,Suffocate - Superclean,"hip hop, pop, R&B, Dance/Electronic"
Gavin DeGraw,In Love With a Girl,"pop, Folk/Acoustic"
Jordin Sparks,Tattoo,"pop, R&B"
Coldplay,Violet Hill,"rock, pop"
Ray J,Sexy Can I feat. Yung Berg,"hip hop, pop, R&B"
Jennifer Hudson,Spotlight,"pop, R&B, easy listening"
John Legend,Green Light (feat. Andr?? 3000),"pop, R&B"
Jonas Brothers,Burnin' Up,pop
Lupe Fiasco,Superstar (feat. Matthew Santos),"hip hop, pop"
Chris Brown,Forever,"hip hop, pop, R&B"
Adele,Chasing Pavements,"pop, R&B"
Leona Lewis,Better in Time,"pop, R&B"
Fergie,Clumsy,"pop, R&B"
T-Pain,Can't Believe It (feat. Lil' Wayne),"hip hop, pop, R&B"
Black Eyed Peas,I Gotta Feeling,"hip hop, pop"
Lady Gaga,Poker Face,pop
Beyonc??,Halo,"pop, R&B"
David Guetta,Sexy Bitch (feat. Akon),"hip hop, pop, Dance/Electronic"
Flo Rida,Right Round,"hip hop, pop"
Taylor Swift,Love Story,pop
Pitbull,Hotel Room Service,"hip hop, pop, latin"
Britney Spears,Circus,pop
Lady Gaga,LoveGame,pop
Skillet,Monster,"rock, pop, metal"
The Prodigy,Omen,"rock, pop, Dance/Electronic"
Black Eyed Peas,Meet Me Halfway,"hip hop, pop"
Kanye West,Heartless,hip hop
Kid Cudi,Day 'N' Nite (Nightmare),hip hop
Lady Gaga,Just Dance,pop
Britney Spears,If U Seek Amy,pop
Pitbull,I Know You Want Me (Calle Ocho),"hip hop, pop, latin"
Mariah Carey,Obsessed,"pop, R&B"
Beyonc??,Sweet Dreams,"pop, R&B"
Agnes,Release Me,"pop, Dance/Electronic"
Black Eyed Peas,Boom Boom Pow,"hip hop, pop"
Shakira,She Wolf,"pop, latin"
Lady Gaga,Paparazzi,pop
JAY-Z,Empire State Of Mind,hip hop
OneRepublic,All The Right Moves,pop
Jeremih,Birthday Sex,"hip hop, pop, R&B"
Cascada,Evacuate The Dancefloor,"hip hop, pop, Dance/Electronic"
Linkin Park,New Divide,"rock, metal"
Kevin Rudolf,Let It Rock,"hip hop, pop"
JAY-Z,Run This Town,hip hop
Lady Gaga,Bad Romance,pop
T.I.,Live Your Life,"hip hop, pop"
Eminem,We Made You,hip hop
Dizzee Rascal,Bonkers,"hip hop, pop, Dance/Electronic"
Ciara,Love Sex Magic (feat. Justin Timberlake),"pop, R&B"
Rihanna,Russian Roulette,"hip hop, pop, R&B"
Soulja Boy,Turn My Swag On,"hip hop, pop"
The xx,Intro,rock
Jay Sean,Down,"hip hop, pop, R&B"
Keri Hilson,Turnin Me On - Original Dirty,"pop, R&B"
David Guetta,When Love Takes Over (feat. Kelly Rowland),"hip hop, pop, Dance/Electronic"
Cheryl,Fight For This Love,"pop, Dance/Electronic"
Soulja Boy,Kiss Me Thru The Phone,"hip hop, pop"
Eminem,Crack A Bottle,hip hop
P!nk,Sober,pop
Tinchy Stryder,Number 1,"pop, Dance/Electronic"
Pixie Lott,"Mama Do (Uh Oh, Uh Oh)","pop, Dance/Electronic"
JLS,Beat Again - Radio Edit,pop
3OH!3,DONTTRUSTME,"hip hop, pop, rock"
A.R. Rahman,Jai Ho! (You Are My Destiny),set()
The Pussycat Dolls,I Hate This Part,"pop, R&B"
Akon,Beautiful,pop
Alexandra Burke,Bad Boys (feat. Flo Rida),pop
Mario,Break Up,"pop, R&B"
Drake,Forever,"hip hop, pop, R&B"
Selena Gomez & The Scene,Naturally,"pop, Dance/Electronic"
Kanye West,Love Lockdown,hip hop
The Veronicas,Untouched,"pop, Dance/Electronic"
Fabolous,Throw It In The Bag,"hip hop, pop, R&B"
Jason Derulo,Whatcha Say,"hip hop, pop"
Lily Allen,Not Fair,pop
T.I.,Dead And Gone,"hip hop, pop"
Sean Kingston,Fire Burning,"hip hop, pop, R&B"
Empire of the Sun,Walking On A Dream,"rock, pop, Dance/Electronic"
Cobra Starship,Good Girls Go Bad (feat. Leighton Meester),"pop, Dance/Electronic"
Nickelback,If Today Was Your Last Day,"rock, metal"
La Roux,Bulletproof,"pop, Dance/Electronic"
Kasabian,Fire,rock
Calvin Harris,I'm Not Alone - Radio Edit,"hip hop, pop, Dance/Electronic"
Justin Bieber,One Time,pop
Jamie Foxx,Blame It,"hip hop, pop, R&B"
La Roux,In For The Kill,"pop, Dance/Electronic"
Muse,Uprising,rock
Nickelback,Gotta Be Somebody,"rock, metal"
James Morrison,Broken Strings,"pop, R&B"
T.I.,Whatever You Like,"hip hop, pop"
Dizzee Rascal,Holiday,"hip hop, pop, Dance/Electronic"
Beyonc??,Single Ladies (Put a Ring on It),"pop, R&B"
Boys Like Girls,Love Drunk,pop
The-Dream,Rockin' That Shit,"hip hop, pop, R&B"
OneRepublic,Secrets,pop
JLS,Everybody in Love,pop
Jason Aldean,Big Green Tractor,country
The Fray,Never Say Never,pop
Lily Allen,The Fear,pop
Kings of Leon,Sex on Fire,rock
Drake,Best I Ever Had,"hip hop, pop, R&B"
Kelly Clarkson,Already Gone,"pop, R&B"
Miley Cyrus,Party In The U.S.A.,pop
Jordin Sparks,Battlefield,"pop, R&B"
Ne-Yo,Mad,"pop, R&B"
Green Day,21 Guns,rock
Keri Hilson,Knock You Down,"pop, R&B"
Taylor Swift,You Belong With Me,pop
Shinedown,Second Chance,"rock, metal"
Asher Roth,I Love College,"hip hop, pop"
Katy Perry,Waking Up In Vegas,pop
Kelly Clarkson,My Life Would Suck Without You,"pop, R&B"
Mumford & Sons,Little Lion Man,"Folk/Acoustic, rock, pop"
The Fray,You Found Me,pop
Bruno Mars,Just the Way You Are,pop
Eminem,Love The Way You Lie,hip hop
Lady Gaga,Bad Romance,pop
Stromae,Alors on danse - Radio Edit,pop
Kesha,TiK ToK,"pop, Dance/Electronic"
David Guetta,Memories (feat. Kid Cudi),"hip hop, pop, Dance/Electronic"
Taio Cruz,Dynamite,"hip hop, pop"
Rihanna,Only Girl (In The World),"hip hop, pop, R&B"
Katy Perry,California Gurls,pop
Kesha,Take It Off,"pop, Dance/Electronic"
INNA,Hot - Play & Win Radio Version,pop
Far East Movement,Like A G6,"hip hop, pop"
David Guetta,Gettin' Over You (feat. Fergie & LMFAO),"hip hop, pop, Dance/Electronic"
Duck Sauce,Barbra Streisand - Radio Edit,Dance/Electronic
Lucenzo,Danza Kuduro (feat. Don Omar),latin
Rihanna,Te Amo,"hip hop, pop, R&B"
Timbaland,Carry Out (Featuring Justin Timberlake),"hip hop, pop, R&B"
DJ Fresh,Gold Dust - Radio Edit,"pop, Dance/Electronic"
Edward Maya,Stereo Love - Radio Edit,pop
Taio Cruz,Break Your Heart,"hip hop, pop"
Black Eyed Peas,Imma Be,"hip hop, pop"
Sidney Samson,Riverside,Dance/Electronic
Eminem,Not Afraid,hip hop
Lady Gaga,Alejandro,pop
Rihanna,Rude Boy,"hip hop, pop, R&B"
Ne-Yo,Beautiful Monster,"pop, R&B"
3OH!3,Starstrukk,"hip hop, pop, rock"
Black Eyed Peas,The Time (Dirty Bit),"hip hop, pop"
Kelly Rowland,Commander,"hip hop, pop, R&B"
Swedish House Mafia,One (Your Name) - Radio Edit,"pop, Dance/Electronic"
Chris Brown,Deuces (feat. Tyga & Kevin McCall),"hip hop, pop, R&B"
Usher,DJ Got Us Fallin' In Love (feat. Pitbull),"hip hop, pop, R&B"
Iyaz,Replay,"hip hop, pop"
Flo Rida,Club Can't Handle Me (feat. David Guetta),"hip hop, pop"
Sean Kingston,Eenie Meenie,"hip hop, pop, R&B"
Waka Flocka Flame,No Hands (feat. Roscoe Dash & Wale),"hip hop, pop"
Tinie Tempah,Written in the Stars (feat. Eric Turner),"hip hop, pop, Dance/Electronic"
Bruno Mars,Talking to the Moon,pop
Miley Cyrus,Can't Be Tamed,pop
Mike Posner,Cooler Than Me - Single Mix,"hip hop, pop, Dance/Electronic"
Lady Gaga,Telephone,pop
Yolanda Be Cool,We No Speak Americano (JT Radio Edit),Dance/Electronic
Rihanna,Hard,"hip hop, pop, R&B"
Tinie Tempah,Pass Out,"hip hop, pop, Dance/Electronic"
Adam Lambert,Whataya Want from Me,pop
Trey Songz,Bottoms Up (feat. Nicki Minaj),"hip hop, pop, R&B"
Timbaland,If We Ever Meet Again (Featuring Katy Perry),"hip hop, pop, R&B"
Enrique Iglesias,I Like It,"pop, latin"
Tim Berg,Seek Bromance - Avicii?€?s Vocal Edit,"pop, Dance/Electronic"
Usher,OMG (feat. will.i.am),"hip hop, pop, R&B"
Maroon 5,Misery,pop
Jay Sean,Down,"hip hop, pop, R&B"
Rihanna,Man Down,"hip hop, pop, R&B"
3OH!3,My First Kiss (feat. Ke$ha),"hip hop, pop, rock"
Justin Bieber,Baby,pop
Cali Swag District,Teach Me How to Dougie,"hip hop, pop"
Swedish House Mafia,Miami 2 Ibiza - Swedish House Mafia vs. Tinie Tempah,"pop, Dance/Electronic"
K'NAAN,Wavin' Flag,set()
Ludacris,How Low,"hip hop, pop"
Kesha,Blah Blah Blah (feat. 3OH!3),"pop, Dance/Electronic"
DJ Khaled,"All I Do Is Win (feat. T-Pain, Ludacris, Snoop Dogg & Rick Ross)","hip hop, pop"
Jason Derulo,In My Head,"hip hop, pop"
Aloe Blacc,I Need A Dollar,R&B
B.o.B,Airplanes (feat. Hayley Williams of Paramore),"hip hop, pop"
Ludacris,My Chick Bad,"hip hop, pop"
Nelly,Just A Dream,"hip hop, pop, R&B"
Rihanna,What's My Name?,"hip hop, pop, R&B"
Shontelle,Impossible,"pop, R&B"
Take That,The Flood,pop
Trey Songz,Say Aah (feat. Fabolous),"hip hop, pop, R&B"
Jason Derulo,Whatcha Say,"hip hop, pop"
Drake,Over,"hip hop, pop, R&B"
Example,Kickstarts,"pop, Dance/Electronic"
Plan B,She Said,Dance/Electronic
The Saturdays,Higher,"pop, Dance/Electronic"
Jay Sean,Do You Remember,"hip hop, pop, R&B"
Usher,Hey Daddy (Daddy's Home),"hip hop, pop, R&B"
Lil Wayne,Right Above It,"hip hop, pop"
The Wanted,All Time Low,"pop, Dance/Electronic"
Kesha,Your Love Is My Drug,"pop, Dance/Electronic"
Ellie Goulding,Starry Eyed,"pop, rock, Dance/Electronic"
Drake,Find Your Love,"hip hop, pop, R&B"
Jason Derulo,Ridin' Solo,"hip hop, pop"
Two Door Cinema Club,What You Know,"World/Traditional, rock, pop"
JAY-Z,Young Forever,hip hop
Young Money,BedRock,"hip hop, pop"
B.o.B,Nothin' on You (feat. Bruno Mars),"hip hop, pop"
Katy Perry,Teenage Dream,pop
Scouting For Girls,This Ain't a Love Song,"pop, rock"
Travie McCoy,Billionaire (feat. Bruno Mars),"hip hop, pop"
Owl City,Fireflies,"rock, pop"
Alicia Keys,Empire State of Mind (Part II) Broken Down,"pop, R&B"
Lady A,Need You Now,"pop, country"
Taylor Swift,Back To December,pop
Neon Trees,Animal,"rock, pop"
Kris Allen,Live Like We're Dying,pop
Matt Cardle,When We Collide,pop
Robyn,Dancing On My Own,"pop, Dance/Electronic"
The Band Perry,If I Die Young,country
B.o.B,Magic (feat. Rivers Cuomo),"hip hop, pop"
Adele,Rolling in the Deep,"pop, R&B"
Maroon 5,"Moves Like Jagger - Studio Recording From ""The Voice"" Performance",pop
LMFAO,Party Rock Anthem,"hip hop, pop, Dance/Electronic"
Katy Perry,Firework,pop
Bruno Mars,Grenade,pop
Pitbull,Hey Baby (Drop It to the Floor) (feat. T-Pain),"hip hop, pop, latin"
Alexandra Stan,Mr. Saxobeat,"pop, Dance/Electronic"
David Guetta,Who's That Chick? (feat. Rihanna),"hip hop, pop, Dance/Electronic"
Jennifer Lopez,On The Floor,"hip hop, pop, R&B"
Rihanna,S&M,"hip hop, pop, R&B"
Kesha,Blow,"pop, Dance/Electronic"
Snoop Dogg,Sweat - Remix,"hip hop, pop"
Taio Cruz,Higher,"hip hop, pop"
Usher,More - RedOne Jimmy Joker Remix,"hip hop, pop, R&B"
Example,Changed the Way You Kiss Me - Radio Edit,"pop, Dance/Electronic"
Black Eyed Peas,Just Can?€?t Get Enough,"hip hop, pop"
David Guetta,Where Them Girls At (feat. Nicki Minaj & Flo Rida),"hip hop, pop, Dance/Electronic"
Lykke Li,I Follow Rivers - The Magician Remix,"pop, Dance/Electronic"
Pitbull,"Give Me Everything (feat. Ne-Yo, Afrojack & Nayer)","hip hop, pop, latin"
Selena Gomez & The Scene,Love You Like A Love Song,"pop, Dance/Electronic"
Wiz Khalifa,Black and Yellow,"hip hop, pop"
Katy Perry,E.T.,pop
Britney Spears,I Wanna Go,pop
Gym Class Heroes,Stereo Hearts (feat. Adam Levine),"hip hop, pop"
Edward Maya,Stereo Love - Radio Edit,pop
Enrique Iglesias,Tonight (I'm Fuckin' You),"pop, latin"
Jeremih,Down On Me,"hip hop, pop, R&B"
Sak Noel,Loca People - Radio Edit,Dance/Electronic
Olly Murs,Heart Skips a Beat (feat. Rizzle Kicks),"pop, Dance/Electronic"
LMFAO,Sexy And I Know It,"hip hop, pop, Dance/Electronic"
Cobra Starship,You Make Me Feel... (feat. Sabi),"pop, Dance/Electronic"
Jessie J,Do It Like A Dude,"hip hop, pop"
DJ Fresh,Louder (feat. Sian Evans) - Radio Edit,"pop, Dance/Electronic"
Waka Flocka Flame,No Hands (feat. Roscoe Dash & Wale),"hip hop, pop"
Nickelback,When We Stand Together,"rock, metal"
M83,Midnight City,"rock, pop, metal, Dance/Electronic"
Britney Spears,Till the World Ends,pop
Labrinth,Earthquake (feat. Tinie Tempah),pop
Jason Derulo,Don't Wanna Go Home,"hip hop, pop"
Coldplay,Paradise,"rock, pop"
Katy Perry,Last Friday Night (T.G.I.F.),pop
Adele,Set Fire to the Rain,"pop, R&B"
Dr. Dre,I Need A Doctor,hip hop
Lil Wayne,6 Foot 7 Foot,"hip hop, pop"
DJ Khaled,I'm On One,"hip hop, pop"
Chris Brown,Look At Me Now (feat. Lil' Wayne & Busta Rhymes),"hip hop, pop, R&B"
Far East Movement,Rocketeer,"hip hop, pop"
The Wanted,Glad You Came,"pop, Dance/Electronic"
Kesha,We R Who We R,"pop, Dance/Electronic"
Kelly Rowland,Motivation,"hip hop, pop, R&B"
Rihanna,We Found Love,"hip hop, pop, R&B"
Nicole Scherzinger,Don't Hold Your Breath,"pop, Dance/Electronic"
Mann,Buzzin Remix,"hip hop, pop"
Chris Brown,Yeah 3x,"hip hop, pop, R&B"
Swedish House Mafia,Save The World,"pop, Dance/Electronic"
Kanye West,All Of The Lights,hip hop
Miguel,Sure Thing,"pop, R&B"
Diddy - Dirty Money,Coming Home,"hip hop, pop, R&B"
Rihanna,What's My Name?,"hip hop, pop, R&B"
Chris Brown,Beautiful People,"hip hop, pop, R&B"
Avril Lavigne,What the Hell,pop
Professor Green,Read All About It,Dance/Electronic
Chase & Status,Blind Faith,Dance/Electronic
Chip,Champion (feat. Chris Brown),"hip hop, Dance/Electronic"
Selena Gomez & The Scene,Who Says,"pop, Dance/Electronic"
Rizzle Kicks,Down With The Trumpets,hip hop
Lady Gaga,Born This Way,pop
Nicki Minaj,Super Bass,"hip hop, pop"
Mac Miller,Donald Trump,hip hop
Calvin Harris,Bounce (feat. Kelis) - Radio Edit,"hip hop, pop, Dance/Electronic"
David Guetta,Without You (feat. Usher),"hip hop, pop, Dance/Electronic"
Foster The People,Pumped Up Kicks,"rock, pop"
Drake,Headlines,"hip hop, pop, R&B"
Jessie J,Price Tag,"hip hop, pop"
Jason Aldean,Dirt Road Anthem,country
Wiz Khalifa,Roll Up,"hip hop, pop"
OneRepublic,Good Life,pop
Bad Meets Evil,Lighters,"hip hop, pop"
Bruno Mars,The Lazy Song,pop
Lupe Fiasco,The Show Goes On,"hip hop, pop"
James Morrison,I Won't Let You Go,"pop, R&B"
Jason Derulo,It Girl,"hip hop, pop"
Adele,Someone Like You,"pop, R&B"
Red Hot Chili Peppers,The Adventures of Rain Dance Maggie,rock
Keri Hilson,Pretty Girl Rock,"pop, R&B"
P!nk,F**kin' Perfect,pop
Blake Shelton,Honey Bee,country
Lady Gaga,The Edge Of Glory,pop
Lady A,Just A Kiss,"pop, country"
Hot Chelle Rae,Tonight Tonight,"hip hop, pop, rock"
Grouplove,Tongue Tied,"pop, rock, Folk/Acoustic"
Coldplay,Every Teardrop Is a Waterfall,"rock, pop"
Beyonc??,Best Thing I Never Had,"pop, R&B"
P!nk,Raise Your Glass,pop
Christina Perri,Jar of Hearts,pop
Bruno Mars,Marry You,pop
The Band Perry,If I Die Young,country
Lil Wayne,How To Love,"hip hop, pop"
Charlene Soraia,Wherever You Will Go,pop
Christina Perri,A Thousand Years,pop
Rihanna,We Found Love,"hip hop, pop, R&B"
Carly Rae Jepsen,Call Me Maybe,"pop, Dance/Electronic"
fun.,We Are Young (feat. Janelle Mon??e),"rock, pop"
Sean Paul,She Doesn't Mind,"hip hop, pop"
Pitbull,International Love (feat. Chris Brown),"hip hop, pop, latin"
DEV,In The Dark,"pop, Dance/Electronic"
Adele,Skyfall,"pop, R&B"
David Guetta,Turn Me On (feat. Nicki Minaj),"hip hop, pop, Dance/Electronic"
Rihanna,Where Have You Been,"hip hop, pop, R&B"
JAY-Z,Ni**as In Paris,hip hop
Maroon 5,One More Night,pop
Skrillex,Bangarang (feat. Sirah),"hip hop, pop, Dance/Electronic"
The Wanted,Chasing The Sun,"pop, Dance/Electronic"
Flo Rida,Whistle,"hip hop, pop"
will.i.am,This Is Love,"hip hop, pop"
David Guetta,She Wolf (Falling to Pieces) [feat. Sia],"hip hop, pop, Dance/Electronic"
Nicki Minaj,Pound The Alarm,"hip hop, pop"
Kendrick Lamar,Swimming Pools (Drank) - Extended Version,hip hop
MARINA,Primadonna,"pop, Dance/Electronic"
Kanye West,Mercy,hip hop
DJ Fresh,Hot Right Now (feat. RITA ORA) - Radio Edit,"pop, Dance/Electronic"
LMFAO,Sexy And I Know It,"hip hop, pop, Dance/Electronic"
PSY,Gangnam Style (???????????€???),pop
Kesha,Die Young,"pop, Dance/Electronic"
Usher,Scream,"hip hop, pop, R&B"
Olly Murs,Troublemaker (feat. Flo Rida),"pop, Dance/Electronic"
Linkin Park,BURN IT DOWN,"rock, metal"
Bruno Mars,Locked out of Heaven,pop
Avicii,Levels - Radio Edit,"pop, Dance/Electronic"
Flo Rida,Good Feeling,"hip hop, pop"
Rihanna,Diamonds,"hip hop, pop, R&B"
Wiz Khalifa,"Work Hard, Play Hard","hip hop, pop"
Katy Perry,Part Of Me,pop
Nicki Minaj,Starships,"hip hop, pop"
Kendrick Lamar,m.A.A.d city,hip hop
Asaf Avidan & the Mojos,One Day / Reckoning Song (Wankelmut Remix) [Radio Edit],pop
Florence + The Machine,Spectrum (Say My Name) - Calvin Harris Remix,"rock, pop, Dance/Electronic"
Azealia Banks,212,"hip hop, pop, R&B"
Maroon 5,Payphone,pop
James Arthur,Impossible,pop
Michel Tel??,Ai Se Eu Te Pego - Live,"country, latin"
Otto Knows,Million Voices - Radio Edit,"pop, Dance/Electronic"
Icona Pop,I Love It,"pop, Dance/Electronic"
Tyga,Rack City,"hip hop, pop"
Calvin Harris,Feel So Close - Radio Edit,"hip hop, pop, Dance/Electronic"
Jennifer Lopez,Dance Again,"hip hop, pop, R&B"
Grimes,Oblivion,"pop, rock, Dance/Electronic"
Adele,Rumour Has It,"pop, R&B"
Coldplay,Paradise,"rock, pop"
Chris Brown,Turn Up the Music,"hip hop, pop, R&B"
Frank Ocean,Lost,"hip hop, pop, R&B"
Calvin Harris,Let's Go (feat. Ne-Yo),"hip hop, pop, Dance/Electronic"
The Script,Hall of Fame (feat. will.i.am),"pop, rock"
Swedish House Mafia,Don't You Worry Child - Radio Edit,"pop, Dance/Electronic"
MARINA,How to Be a Heartbreaker,"pop, Dance/Electronic"
Justin Bieber,Boyfriend,pop
David Guetta,Titanium (feat. Sia),"hip hop, pop, Dance/Electronic"
Jessie J,Domino,"hip hop, pop"
Taylor Swift,I Knew You Were Trouble.,pop
ScHoolboy Q,Hands on the Wheel (feat. Asap Rocky),"hip hop, pop"
P!nk,Try,pop
Robbie Williams,Candy,"pop, rock"
Snoop Dogg,"Young, Wild & Free (feat. Bruno Mars)","hip hop, pop"
Justin Bieber,As Long As You Love Me,pop
Rita Ora,R.I.P. (feat. Tinie Tempah),"hip hop, pop, Dance/Electronic"
Alex Clare,Too Close,rock
Tyga,Faded,"hip hop, pop"
Alesso,Years - ???????????????????????????,"pop, Dance/Electronic"
Guy Sebastian,Battle Scars (feat. Lupe Fiasco),pop
Katy Perry,The One That Got Away,pop
Avicii,Silhouettes - Original Radio Edit,"pop, Dance/Electronic"
Gotye,Somebody That I Used To Know,set()
Flo Rida,Wild Ones (feat. Sia),"hip hop, pop"
One Direction,What Makes You Beautiful,pop
Lana Del Rey,Born To Die,pop
Kesha,C'Mon,"pop, Dance/Electronic"
Owl City,Good Time,"rock, pop"
Calvin Harris,We'll Be Coming Back (feat. Example),"hip hop, pop, Dance/Electronic"
Emeli Sand??,"Read All About It, Pt. III","pop, R&B"
Ellie Goulding,Lights - Single Version,"pop, rock, Dance/Electronic"
Train,Drive By,pop
Disclosure,Latch,"pop, Dance/Electronic"
Coldplay,Princess of China,"rock, pop"
One Direction,Live While We're Young,pop
Gym Class Heroes,Ass Back Home (feat. Neon Hitch),"hip hop, pop"
Carrie Underwood,Blown Away,"pop, country"
alt-J,Breezeblocks,rock
Chris Brown,Don't Wake Me Up,"hip hop, pop, R&B"
Kelly Clarkson,Stronger (What Doesn't Kill You),"pop, R&B"
Drake,The Motto,"hip hop, pop, R&B"
Katy Perry,Wide Awake,pop
Rita Ora,How We Do (Party),"hip hop, pop, Dance/Electronic"
Rudimental,Feel the Love (feat. John Newman),"pop, Dance/Electronic"
Lana Del Rey,Ride,pop
Ne-Yo,Let Me Love You (Until You Learn To Love Yourself),"pop, R&B"
Demi Lovato,Give Your Heart a Break,pop
Drake,Take Care,"hip hop, pop, R&B"
Little Mix,Wings,pop
Bruno Mars,It Will Rain,pop
Cher Lloyd,Want U Back,"pop, Dance/Electronic"
Lorde,Royals,"pop, Dance/Electronic"
Robin Thicke,Blurred Lines,"pop, R&B"
Imagine Dragons,Radioactive,rock
Avicii,Wake Me Up,"pop, Dance/Electronic"
Bruno Mars,Locked out of Heaven,pop
Macklemore & Ryan Lewis,Thrift Shop (feat. Wanz),"hip hop, pop"
Daft Punk,Get Lucky (feat. Pharrell Williams & Nile Rodgers) - Radio Edit,"hip hop, Dance/Electronic"
will.i.am,Scream & Shout,"hip hop, pop"
Stromae,Papaoutai,pop
Bingo Players,Get Up (Rattle) - Vocal Edit,"pop, Dance/Electronic"
Naughty Boy,La La La,Dance/Electronic
Tom Odell,Another Love,pop
2 Chainz,We Own It (Fast & Furious),"hip hop, pop"
David Guetta,Play Hard (feat. Ne-Yo & Akon),"hip hop, pop, Dance/Electronic"
Pitbull,Feel This Moment (feat. Christina Aguilera),"hip hop, pop, latin"
will.i.am,#thatPOWER,"hip hop, pop"
Lil Wayne,Love Me,"hip hop, pop"
Macklemore & Ryan Lewis,Can't Hold Us (feat. Ray Dalton),"hip hop, pop"
Martin Garrix,Animals - Radio Edit,"pop, Dance/Electronic"
Jason Derulo,Talk Dirty (feat. 2 Chainz),"hip hop, pop"
John Newman,Love Me Again,set()
Britney Spears,Work B**ch,pop
The Neighbourhood,Sweater Weather,"rock, pop"
Sebastian Ingrosso,Reload - Radio Edit,"pop, Dance/Electronic"
Capital Cities,Safe And Sound,pop
Demi Lovato,Heart Attack,pop
Arctic Monkeys,Why'd You Only Call Me When You're High?,rock
Justin Bieber,Beauty And A Beat,pop
Eminem,The Monster,hip hop
Pitbull,Don't Stop the Party (feat. TJR),"hip hop, pop, latin"
Selena Gomez,Come & Get It,pop
P!nk,True Love (feat. Lily Allen),pop
Disclosure,White Noise,"pop, Dance/Electronic"
Flo Rida,I Cry,"hip hop, pop"
Kanye West,Black Skinhead,hip hop
Lana Del Rey,Summertime Sadness (Lana Del Rey Vs. Cedric Gervais) - Cedric Gervais Remix,pop
Eminem,Berzerk,hip hop
Icona Pop,I Love It (feat. Charli XCX),"pop, Dance/Electronic"
Fall Out Boy,My Songs Know What You Did In The Dark (Light Em Up),rock
Lorde,Team,"pop, Dance/Electronic"
Avicii,I Could Be The One (Avicii Vs. Nicky Romero) - Radio Edit,"pop, Dance/Electronic"
Imagine Dragons,Demons,rock
One Direction,One Way or Another (Teenage Kicks),pop
Taylor Swift,I Knew You Were Trouble.,pop
Arctic Monkeys,Do I Wanna Know?,rock
Rudimental,Waiting All Night (feat. Ella Eyre),"pop, Dance/Electronic"
Klangkarussell,Sonnentanz - Sun Don't Shine,"pop, Dance/Electronic"
Calvin Harris,Drinking from the Bottle (feat. Tinie Tempah),"hip hop, pop, Dance/Electronic"
A$AP Rocky,"F**kin' Problems (feat. Drake, 2 Chainz & Kendrick Lamar)",hip hop
P!nk,Try,pop
Ylvis,The Fox (What Does the Fox Say?),hip hop
Ellie Goulding,Burn,"pop, rock, Dance/Electronic"
Baauer,Harlem Shake,Dance/Electronic
Calvin Harris,I Need Your Love (feat. Ellie Goulding),"hip hop, pop, Dance/Electronic"
Katy Perry,This Is How We Do,pop
AWOLNATION,Sail,"pop, rock"
Duke Dumont,Need U (100%) [feat. A*M*E] - Radio Edit,"pop, Dance/Electronic"
Jason Derulo,The Other Side,"hip hop, pop"
Storm Queen,Look Right Through - MK Vocal Edit,Dance/Electronic
Calvin Harris,Sweet Nothing (feat. Florence Welch),"hip hop, pop, Dance/Electronic"
Katy Perry,Unconditionally,pop
Wale,Bad (feat. Rihanna) - Remix,"hip hop, pop, R&B"
Ciara,Body Party,"pop, R&B"
Drake,Started From the Bottom,"hip hop, pop, R&B"
Birdy,Wings,pop
Bastille,Of The Night,"pop, rock"
Olly Murs,Dear Darlin',"pop, Dance/Electronic"
Katy Perry,Roar,pop
Blake Shelton,Sure Be Cool If You Did,country
Calvin Harris,Thinking About You (feat. Ayah Marar),"hip hop, pop, Dance/Electronic"
JAY-Z,Holy Grail,hip hop
Bridgit Mendler,Ready or Not,pop
The Saturdays,What About Us,"pop, Dance/Electronic"
Bastille,Pompeii,"pop, rock"
One Direction,Best Song Ever,pop
Nelly,Hey Porsche,"hip hop, pop, R&B"
Zedd,Clarity,"hip hop, pop, Dance/Electronic"
Miley Cyrus,Wrecking Ball,pop
Chris Brown,Fine China,"hip hop, pop, R&B"
Daft Punk,Lose Yourself to Dance (feat. Pharrell Williams),"hip hop, Dance/Electronic"
Armin van Buuren,This Is What It Feels Like,"pop, Dance/Electronic"
Justin Timberlake,Mirrors,pop
Bruno Mars,Treasure,pop
Of Monsters and Men,Little Talks,"pop, rock, Folk/Acoustic"
Miley Cyrus,We Can't Stop,pop
J. Cole,Power Trip (feat. Miguel),hip hop
Paramore,Still into You,"pop, rock"
Christina Perri,human,pop
Drake,"Hold On, We're Going Home","hip hop, pop, R&B"
James Blunt,Bonfire Heart,pop
Maroon 5,Daylight,pop
Childish Gambino,3005,hip hop
Avril Lavigne,Here's to Never Growing Up,pop
Taylor Swift,22,pop
Passenger,Let Her Go,pop
Ariana Grande,The Way,pop
Rihanna,Stay,"hip hop, pop, R&B"
Justin Timberlake,Suit & Tie (feat. Jay-Z),pop
Bruno Mars,When I Was Your Man,pop
Florida Georgia Line,Cruise,country
Pharrell Williams,"Happy - From ""Despicable Me 2""","hip hop, pop"
Katy Perry,Dark Horse,pop
ScHoolboy Q,Collard Greens,"hip hop, pop"
Iggy Azalea,Fancy,"hip hop, pop"
Maroon 5,Animals,pop
Sam Smith,Stay With Me,pop
MAGIC!,Rude,set()
Sia,Chandelier,pop
John Legend,All of Me,"pop, R&B"
ZHU,Faded,Dance/Electronic
Meghan Trainor,All About That Bass,pop
David Guetta,Lovers on the Sun (feat. Sam Martin),"hip hop, pop, Dance/Electronic"
Iggy Azalea,Black Widow,"hip hop, pop"
Tove Lo,Habits (Stay High),"pop, Dance/Electronic"
Oliver Heldens,Gecko (Overdrive) - Radio Edit,"pop, Dance/Electronic"
DJ Snake,You Know You Like It,"hip hop, pop, Dance/Electronic"
Jason Derulo,Talk Dirty (feat. 2 Chainz),"hip hop, pop"
Maroon 5,Maps,pop
David Guetta,Bad (feat. Vassy) - Radio Edit,"hip hop, pop, Dance/Electronic"
Tinashe,2 On (feat. ScHoolboy Q),"hip hop, pop, R&B, Dance/Electronic"
Route 94,My Love (feat. Jess Glynne),"pop, Dance/Electronic"
Taylor Swift,Bad Blood,pop
Trey Songz,Na Na,"hip hop, pop, R&B"
Calvin Harris,Under Control (feat. Hurts),"hip hop, pop, Dance/Electronic"
O.T. Genasis,CoCo,"hip hop, pop"
Jason Derulo,Wiggle (feat. Snoop Dogg),"hip hop, pop"
Lilly Wood and The Prick,Prayer in C - Robin Schulz Radio Edit,"pop, rock"
Jeremih,Don't Tell 'Em,"hip hop, pop, R&B"
Nicki Minaj,Anaconda,"hip hop, pop"
Calvin Harris,Blame (feat. John Newman),"hip hop, pop, Dance/Electronic"
DJ Snake,Turn Down for What,"hip hop, pop, Dance/Electronic"
Pitbull,Timber (feat. Ke$ha),"hip hop, pop, latin"
OneRepublic,Counting Stars,pop
Bobby Shmurda,Hot N*gga,"hip hop, pop"
Calvin Harris,Summer,"hip hop, pop, Dance/Electronic"
ScHoolboy Q,Man Of The Year,"hip hop, pop"
Nico & Vinz,Am I Wrong,"hip hop, pop"
Becky G,Shower,"pop, latin"
Sigma,Nobody To Love - Radio Edit,"pop, Dance/Electronic"
The Chainsmokers,#SELFIE - Original Mix,"pop, Dance/Electronic"
Lorde,Team,"pop, Dance/Electronic"
Rixton,Me And My Broken Heart,pop
Klingande,Jubel - Radio Edit,"pop, Dance/Electronic"
Mr. Probz,Waves - Robin Schulz Radio Edit,"hip hop, Dance/Electronic"
Paloma Faith,Only Love Can Hurt Like This,"pop, R&B, Dance/Electronic"
Kiesza,Hideaway,"pop, Dance/Electronic"
Ellie Goulding,Burn,"pop, rock, Dance/Electronic"
Ariana Grande,Break Free,pop
Kid Ink,Show Me (feat. Chris Brown),"hip hop, pop"
Tove Lo,Talking Body,"pop, Dance/Electronic"
Chris Brown,Loyal (feat. Lil Wayne & Tyga),"hip hop, pop, R&B"
OneRepublic,Love Runs Out,pop
Olly Murs,Up (feat. Demi Lovato),"pop, Dance/Electronic"
Peking Duk,High (feat. Nicole Millar),Dance/Electronic
Milky Chance,Stolen Dance,set()
Ed Sheeran,Don't,pop
Ariana Grande,Love Me Harder,pop
Enrique Iglesias,Bailando - Spanish Version,"pop, latin"
Avicii,Hey Brother,"pop, Dance/Electronic"
Jessie J,Bang Bang,"hip hop, pop"
Duke Dumont,I Got U,"pop, Dance/Electronic"
Gorgon City,Ready For Your Love,"pop, Dance/Electronic"
Taylor Swift,Style,pop
MKTO,Classic,"hip hop, pop"
Disclosure,Latch,"pop, Dance/Electronic"
Ariana Grande,Problem,pop
Charli XCX,Boom Clap,"pop, Dance/Electronic"
One Direction,Steal My Girl,pop
Ti??sto,Red Lights,"pop, Dance/Electronic"
Selena Gomez,The Heart Wants What It Wants,pop
Rita Ora,I Will Never Let You Down,"hip hop, pop, Dance/Electronic"
5 Seconds of Summer,She Looks So Perfect,pop
The Script,Superheroes,"pop, rock"
Taylor Swift,Shake It Off,pop
One Direction,Night Changes,pop
Ed Sheeran,Sing,pop
Alesso,Heroes (we could be),"pop, Dance/Electronic"
Ti??sto,Wasted,"pop, Dance/Electronic"
G.R.L.,Ugly Heart,pop
Coldplay,A Sky Full of Stars,"rock, pop"
Clean Bandit,Rather Be (feat. Jess Glynne),"pop, Dance/Electronic"
Zedd,Stay The Night - Featuring Hayley Williams Of Paramore,"hip hop, pop, Dance/Electronic"
Sia,Elastic Heart,pop
One Direction,Story of My Life,pop
Alex & Sierra,Little Do You Know,pop
Omarion,Post to Be (feat. Chris Brown & Jhene Aiko),"hip hop, pop, R&B"
Echosmith,Cool Kids,pop
Natalie La Rose,Somebody,set()
Vance Joy,Riptide,"rock, pop"
Beyonc??,Drunk in Love (feat. Jay-Z),"pop, R&B"
Maroon 5,Sugar,pop
Ella Henderson,Ghost,"pop, Dance/Electronic"
Ed Sheeran,"I See Fire - From ""The Hobbit - The Desolation Of Smaug""",pop
Chris Brown,New Flame (feat. Usher & Rick Ross),"hip hop, pop, R&B"
Sheppard,Geronimo,"pop, rock, Dance/Electronic"
Olly Murs,Wrapped Up (feat. Travie McCoy),"pop, Dance/Electronic"
Sam Smith,Money On My Mind,pop
Jason Derulo,Trumpets,"hip hop, pop"
Nicki Minaj,Bed Of Lies,"hip hop, pop"
Nick Jonas,Jealous - Remix,pop
Mark Ronson,Uptown Funk (feat. Bruno Mars),pop
Ed Sheeran,Thinking out Loud,pop
Wiz Khalifa,See You Again (feat. Charlie Puth),"hip hop, pop"
Justin Bieber,What Do You Mean?,pop
Major Lazer,Lean On (feat. M?? & DJ Snake),"hip hop, pop, Dance/Electronic"
The Weeknd,"Earned It (Fifty Shades Of Grey) - From The ""Fifty Shades Of Grey"" Soundtrack","pop, R&B"
Ellie Goulding,"Love Me Like You Do - From ""Fifty Shades Of Grey""","pop, rock, Dance/Electronic"
Calvin Harris,Outside (feat. Ellie Goulding),"hip hop, pop, Dance/Electronic"
David Guetta,"Hey Mama (feat. Nicki Minaj, Bebe Rexha & Afrojack)","hip hop, pop, Dance/Electronic"
Demi Lovato,Cool for the Summer,pop
Taylor Swift,Blank Space,pop
The Weeknd,The Hills,"pop, R&B"
The Neighbourhood,Daddy Issues,"rock, pop"
Deorro,Five More Hours,"pop, Dance/Electronic"
Avicii,The Nights,"pop, Dance/Electronic"
DJ Snake,You Know You Like It,"hip hop, pop, Dance/Electronic"
Adam Lambert,Ghost Town,pop
Rae Sremmurd,No Type,"hip hop, pop"
Taylor Swift,Bad Blood,pop
Flo Rida,GDFR (feat. Sage the Gemini & Lookas),"hip hop, pop"
Robin Schulz,Sugar (feat. Francesco Yates),"pop, Dance/Electronic"
Calvin Harris,How Deep Is Your Love,"hip hop, pop, Dance/Electronic"
Philip George,Wish You Were Mine - Radio Edit,"pop, Dance/Electronic"
Trey Songz,Na Na,"hip hop, pop, R&B"
Fall Out Boy,Centuries,rock
Rob $tone,Chill Bill (feat. J. Davi$ & Spooks),hip hop
Lost Frequencies,Are You With Me - Radio Edit,"pop, Dance/Electronic"
Twenty One Pilots,Stressed Out,rock
Fifth Harmony,Worth It (feat. Kid Ink),pop
KALEO,Way down We Go,"rock, classical"
Sam Smith,Like I Can,pop
Major Lazer,Light It Up (feat. Nyla & Fuse ODG) - Remix,"hip hop, pop, Dance/Electronic"
Martin Solveig,Intoxicated - New Radio Mix,"pop, Dance/Electronic"
Avicii,Waiting For Love,"pop, Dance/Electronic"
Felix Jaehn,Ain't Nobody (Loves Me Better) (feat. Jasmine Thompson),"hip hop, pop, Dance/Electronic"
Taylor Swift,Wildest Dreams,pop
The Weeknd,In The Night,"pop, R&B"
Pitbull,Time of Our Lives,"hip hop, pop, latin"
Galantis,Runaway (U & I),"pop, Dance/Electronic"
Rihanna,Bitch Better Have My Money,"hip hop, pop, R&B"
Zara Larsson,Lush Life,"pop, Dance/Electronic"
One Direction,Drag Me Down,pop
Travis Scott,Antidote,"hip hop, Dance/Electronic"
Years & Years,King,"pop, Dance/Electronic"
Demi Lovato,Confident,pop
Lemaitre,Closer,pop
Selena Gomez,Same Old Love,pop
Pia Mia,Do It Again,"pop, R&B"
Flo Rida,My House,"hip hop, pop"
Silent??,Watch Me (Whip / Nae Nae),hip hop
Chris Brown,Ayo,"hip hop, pop, R&B"
The Strumbellas,Spirits,"rock, Folk/Acoustic, pop"
Fetty Wap,Trap Queen,"hip hop, pop"
Tove Lo,Talking Body,"pop, Dance/Electronic"
Beyonc??,11-7ÔÂ,"pop, R&B"
Lana Del Rey,High By The Beach,pop
Zara Larsson,Never Forget You,"pop, Dance/Electronic"
Jeremih,oui,"hip hop, pop, R&B"
Drake,Hotline Bling,"hip hop, pop, R&B"
Selena Gomez,Kill Em With Kindness,pop
Birdy,Let It All Go,pop
Fetty Wap,679 (feat. Remy Boyz),"hip hop, pop"
Ariana Grande,Love Me Harder,pop
The Weeknd,Can't Feel My Face,"pop, R&B"
SAYGRACE,You Don't Own Me (feat. G-Eazy),"pop, R&B"
X Ambassadors,Renegades,"hip hop, rock, pop"
R. City,Locked Away (feat. Adam Levine),pop
Kygo,Stole the Show,"pop, Dance/Electronic"
Tame Impala,The Less I Know The Better,metal
Selena Gomez,Good For You,pop
Fetty Wap,My Way (feat. Monty),"hip hop, pop"
Hozier,Take Me To Church,"Folk/Acoustic, pop"
Taylor Swift,Style,pop
Alessia Cara,Here,"pop, R&B"
Sam Smith,"Writing's On The Wall - From ""Spectre"" Soundtrack",pop
David Guetta,Bang My Head (feat. Sia & Fetty Wap),"hip hop, pop, Dance/Electronic"
Meek Mill,All Eyes on You (feat. Chris Brown & Nicki Minaj),"hip hop, pop"
Big Sean,I Don't Fuck With You,"hip hop, pop"
Kygo,Firestone,"pop, Dance/Electronic"
Drake,Jumpman,"hip hop, pop, R&B"
Petit Biscuit,Sunset Lover,Dance/Electronic
Shawn Mendes,Stitches,pop
Flo Rida,"I Don't Like It, I Love It (feat. Robin Thicke & Verdine White)","hip hop, pop"
Selena Gomez,The Heart Wants What It Wants,pop
Jack ??,Where Are ?? Now (with Justin Bieber),"pop, Dance/Electronic"
Ellie Goulding,On My Mind,"pop, rock, Dance/Electronic"
Bryson Tiller,Don't,"hip hop, pop, R&B"
Rich Homie Quan,"Flex (Ooh, Ooh, Ooh)","hip hop, pop"
Joel Adams,Please Don't Go,R&B
Zedd,I Want You To Know,"hip hop, pop, Dance/Electronic"
Jonas Blue,Fast Car,"pop, Dance/Electronic"
B??RNS,Electric Love,"rock, pop"
Sigala,Easy Love,"pop, Dance/Electronic"
Justin Bieber,Sorry,pop
Ariana Grande,One Last Time,pop
Little Mix,Black Magic,pop
One Direction,Perfect,pop
Years & Years,Shine,"pop, Dance/Electronic"
Meghan Trainor,Lips Are Movin,pop
Nicky Jam,El Perd??n - Forgiveness,latin
The Weeknd,Starboy,"pop, R&B"
Drake,One Dance,"hip hop, pop, R&B"
Justin Bieber,Love Yourself,pop
The Chainsmokers,Closer,"pop, Dance/Electronic"
Adele,Hello,"pop, R&B"
Desiigner,Panda,"hip hop, pop"
Burak Yeter,Tuesday (feat. Danelle Sandoval),Dance/Electronic
Sia,Cheap Thrills (feat. Sean Paul),pop
OneRepublic,Wherever I Go,pop
Rihanna,Work,"hip hop, pop, R&B"
Coldplay,Hymn for the Weekend,"rock, pop"
Justin Bieber,Sorry,pop
Justin Timberlake,"CAN'T STOP THE FEELING! (from DreamWorks Animation's ""TROLLS"")",pop
WILLOW,Wait a Minute!,"pop, R&B, Dance/Electronic"
Desiigner,Tiimmy Turner,"hip hop, pop"
G-Eazy,"Me, Myself & I","hip hop, pop"
David Guetta,This One's for You (feat. Zara Larsson) (Official Song UEFA EURO 2016),"hip hop, pop, Dance/Electronic"
Astrid S,Hurts So Good,"rock, pop, Dance/Electronic"
Lil Wayne,"Sucker for Pain (with Wiz Khalifa, Imagine Dragons, Logic & Ty Dolla $ign feat. X Ambassadors)","hip hop, pop"
Twenty One Pilots,Heathens,rock
Future,Low Life (feat. The Weeknd),"hip hop, pop"
Galantis,No Money,"pop, Dance/Electronic"
The Chainsmokers,Don't Let Me Down,"pop, Dance/Electronic"
Tinie Tempah,Girls Like (feat. Zara Larsson),"hip hop, pop, Dance/Electronic"
Alok,Hear Me Now,"pop, Dance/Electronic"
Jon Bellion,All Time Low,"hip hop, pop"
Cheat Codes,Sex,"pop, Dance/Electronic"
Meghan Trainor,NO,pop
Dua Lipa,Hotter Than Hell,pop
Martin Garrix,In the Name of Love,"pop, Dance/Electronic"
Alan Walker,Faded,Dance/Electronic
Tove Lo,Cool Girl,"pop, Dance/Electronic"
DJ Snake,Let Me Love You,"hip hop, pop, Dance/Electronic"
Calvin Harris,This Is What You Came For (feat. Rihanna),"hip hop, pop, Dance/Electronic"
Mike Posner,I Took A Pill In Ibiza - Seeb Remix,"hip hop, pop, Dance/Electronic"
Kevin Gates,2 Phones,"hip hop, pop"
Rihanna,Needed Me,"hip hop, pop, R&B"
Ariana Grande,Side To Side,pop
Marshmello,Alone,"pop, Dance/Electronic"
Shawn Mendes,I Know What You Did Last Summer,pop
Selena Gomez,Same Old Love,pop
Calvin Harris,My Way,"hip hop, pop, Dance/Electronic"
Fitz and The Tantrums,HandClap,"pop, rock"
Twenty One Pilots,Ride,rock
Flo Rida,My House,"hip hop, pop"
Ariana Grande,Dangerous Woman,pop
Anne-Marie,Alarm,"pop, Dance/Electronic"
Charlie Puth,We Don't Talk Anymore (feat. Selena Gomez),pop
AlunaGeorge,I'm In Control,"pop, Dance/Electronic"
Enrique Iglesias,DUELE EL CORAZON (feat. Wisin),"pop, latin"
MNEK,Never Forget You,Dance/Electronic
Mike Perry,The Ocean (feat. Shy Martin),"pop, Dance/Electronic"
Drake,Hotline Bling,"hip hop, pop, R&B"
Ariana Grande,Into You,pop
Shawn Mendes,Treat You Better,pop
Tory Lanez,Say It,"hip hop, pop, R&B"
Coldplay,Adventure of a Lifetime,"rock, pop"
Kungs,This Girl - Kungs Vs. Cookin' On 3 Burners,"pop, Dance/Electronic"
SAYGRACE,You Don't Own Me (feat. G-Eazy),"pop, R&B"
X Ambassadors,Renegades,"hip hop, rock, pop"
DNCE,Cake By The Ocean,pop
99 Souls,The Girl Is Mine,Dance/Electronic
Illy,Papercuts (feat. Vera Blue),"hip hop, pop, Dance/Electronic"
Kiiara,Gold,"rock, pop, Dance/Electronic"
Kygo,Stole the Show,"pop, Dance/Electronic"
Fifth Harmony,Work from Home (feat. Ty Dolla $ign),pop
Drake,Pop Style,"hip hop, pop, R&B"
ZAYN,PILLOWTALK,"pop, Dance/Electronic"
Alessia Cara,Here,"pop, R&B"
DJ Snake,Middle,"hip hop, pop, Dance/Electronic"
Sigala,Sweet Lovin' - Radio Edit,"pop, Dance/Electronic"
Drake,Jumpman,"hip hop, pop, R&B"
Charlie Puth,Dangerously,pop
Nick Jonas,Close,pop
Jonas Blue,Perfect Strangers,"pop, Dance/Electronic"
Major Lazer,Cold Water (feat. Justin Bieber & M??),"hip hop, pop, Dance/Electronic"
The Chainsmokers,Roses,"pop, Dance/Electronic"
Tory Lanez,LUV,"hip hop, pop, R&B"
P!nk,"Just Like Fire (From the Original Motion Picture ""Alice Through The Looking Glass"")",pop
Bryson Tiller,Don't,"hip hop, pop, R&B"
Steve Aoki,Just Hold On,"hip hop, pop, Dance/Electronic"
Clean Bandit,Tears (feat. Louisa Johnson),"pop, Dance/Electronic"
Jonas Blue,Fast Car,"pop, Dance/Electronic"
Flume,Never Be Like You,Dance/Electronic
Bastille,Good Grief,"pop, rock"
Sia,The Greatest (feat. Kendrick Lamar),pop
PARTYNEXTDOOR,Not Nice,"hip hop, pop, R&B"
Garrett Nash,"i hate u, i love u (feat. olivia o'brien)","hip hop, pop"
Hilltop Hoods,1955,"hip hop, pop"
Fifth Harmony,All In My Head (Flex) (feat. Fetty Wap),pop
Daya,"Sit Still, Look Pretty","rock, pop, Dance/Electronic"
Kent Jones,Don't Mind,hip hop
Flume,Say It,Dance/Electronic
Bryson Tiller,Exchange,"hip hop, pop, R&B"
M??,Final Song,"pop, Dance/Electronic"
Beyonc??,Sorry,"pop, R&B"
Little Mix,Shout Out to My Ex,pop
The Lumineers,Ophelia,"pop, Folk/Acoustic"
Frank Ocean,Pink + White,"hip hop, pop, R&B"
Drake,Too Good,"hip hop, pop, R&B"
Ed Sheeran,Shape of You,pop
Sean Paul,No Lie,"hip hop, pop"
Luis Fonsi,Despacito (Featuring Daddy Yankee),"pop, latin"
Sam Smith,Too Good At Goodbyes,pop
Clean Bandit,Rockabye (feat. Sean Paul & Anne-Marie),"pop, Dance/Electronic"
Camila Cabello,Havana (feat. Young Thug),pop
Imagine Dragons,Thunder,rock
Maroon 5,Don't Wanna Know (feat. Kendrick Lamar),pop
The Chainsmokers,Something Just Like This,"pop, Dance/Electronic"
Ed Sheeran,Perfect,pop
MGMT,Little Dark Age,rock
Travis Scott,goosebumps,"hip hop, Dance/Electronic"
Billie Eilish,Bored,"pop, Dance/Electronic"
Future,Mask Off,"hip hop, pop"
G-Eazy,Him & I,"hip hop, pop"
Maroon 5,Cold (feat. Future),pop
Rae Sremmurd,Swang,"hip hop, pop"
Lil Peep,Save That Shit,hip hop
A$AP Ferg,Plain Jane,"hip hop, pop"
French Montana,Unforgettable,"hip hop, pop"
21 Savage,Bank Account,hip hop
Axwell /\ Ingrosso,More Than You Know,"pop, Dance/Electronic"
ZAYN,Dusk Till Dawn (feat. Sia) - Radio Edit,"pop, Dance/Electronic"
J Balvin,Mi Gente,latin
Jax Jones,You Don't Know Me - Radio Edit,"hip hop, pop, Dance/Electronic"
Rae Sremmurd,Black Beatles,"hip hop, pop"
Zara Larsson,Ain't My Fault,"pop, Dance/Electronic"
Travis Scott,BUTTERFLY EFFECT,"hip hop, Dance/Electronic"
Ayo & Teo,Rolex,"hip hop, pop"
Lil Uzi Vert,XO Tour Llif3,hip hop
Imagine Dragons,Whatever It Takes,rock
Rob $tone,Chill Bill (feat. J. Davi$ & Spooks),hip hop
Jason Derulo,Swalla (feat. Nicki Minaj & Ty Dolla $ign),"hip hop, pop"
G-Eazy,No Limit,"hip hop, pop"
Playboi Carti,Magnolia,hip hop
Chord Overstreet,Hold On,"pop, Folk/Acoustic"
Jax Jones,Breathe,"hip hop, pop, Dance/Electronic"
Imagine Dragons,Believer,rock
Natti Natasha,Criminal,"pop, latin"
Kendrick Lamar,HUMBLE.,hip hop
Selena Gomez,Fetish (feat. Gucci Mane),pop
Charlie Puth,Attention,pop
Big Shaq,Man's Not Hot,"pop, Dance/Electronic"
Anne-Marie,Ciao Adios,"pop, Dance/Electronic"
Rag'n'Bone Man,Human,R&B
blackbear,do re mi,"hip hop, pop, Dance/Electronic"
Lil Pump,Gucci Gang,hip hop
Taylor Swift,Look What You Made Me Do,pop
Enrique Iglesias,SUBEME LA RADIO (feat. Descemer Bueno & Zion & Lennox),"pop, latin"
Kodak Black,Tunnel Vision,hip hop
Kendrick Lamar,DNA.,hip hop
A Boogie Wit da Hoodie,Drowning (feat. Kodak Black),hip hop
XXXTENTACION,Jocelyn Flores,hip hop
Migos,Bad and Boujee (feat. Lil Uzi Vert),"hip hop, pop"
Yo Gotti,Rake It Up (feat. Nicki Minaj),"hip hop, pop"
Martin Garrix,Scared to Be Lonely,"pop, Dance/Electronic"
Jonas Blue,Mama,"pop, Dance/Electronic"
Martin Jensen,Solo Dance,"pop, Dance/Electronic"
Taylor Swift,...Ready For It?,pop
David Guetta,2U (feat. Justin Bieber),"hip hop, pop, Dance/Electronic"
Migos,Slippery (feat. Gucci Mane),"hip hop, pop"
Shawn Mendes,There's Nothing Holdin' Me Back,pop
G-Eazy,Good Life (with G-Eazy & Kehlani),"hip hop, pop"
The Vamps,All Night,pop
Dua Lipa,New Rules,pop
Cardi B,Bodak Yellow,"hip hop, pop"
Rag'n'Bone Man,Skin,R&B
Zara Larsson,I Would Like,"pop, Dance/Electronic"
DJ Khaled,Wild Thoughts (feat. Rihanna & Bryson Tiller),"hip hop, pop"
Post Malone,Congratulations,hip hop
Avicii,Without You (feat. Sandro Cavazza),"pop, Dance/Electronic"
Clean Bandit,Symphony (feat. Zara Larsson),"pop, Dance/Electronic"
Katy Perry,Chained To The Rhythm,pop
Zay Hilfigerrr,Juju on That Beat (TZ Anthem),set()
Calvin Harris,"Feels (feat. Pharrell Williams, Katy Perry & Big Sean)","hip hop, pop, Dance/Electronic"
Migos,T-Shirt,"hip hop, pop"
OneRepublic,Rich Love (with Seeb),pop
Maggie Lindemann,Pretty Girl - Cheat Codes X CADE Remix,"rock, pop"
Macklemore,Glorious (feat. Skylar Grey),"hip hop, pop"
Hayden James,NUMB,"pop, Dance/Electronic"
Liam Payne,Strip That Down,pop
Drake,Passionfruit,"hip hop, pop, R&B"
Justin Bieber,Friends (with BloodPop??),pop
ZAYN,"I Don?€?t Wanna Live Forever (Fifty Shades Darker) - From ""Fifty Shades Darker (Original Motion Picture Soundtrack)""","pop, Dance/Electronic"
Alessia Cara,Scars To Your Beautiful,"pop, R&B"
2 Chainz,It's A Vibe,"hip hop, pop"
Starley,Call on Me - Ryan Riback Remix,"pop, Dance/Electronic"
AJR,Weak,rock
Lana Del Rey,Lust for Life (with The Weeknd),pop
CNCO,Reggaet??n Lento (Remix),"pop, latin"
The Vamps,Middle Of The Night,pop
The Weeknd,I Feel It Coming,"pop, R&B"
The Chainsmokers,Paris,"pop, Dance/Electronic"
Big Sean,Bounce Back,"hip hop, pop"
Shawn Mendes,Mercy,pop
Avicii,Lonely Together (feat. Rita Ora),"pop, Dance/Electronic"
Cheat Codes,No Promises (feat. Demi Lovato),"pop, Dance/Electronic"
Bruno Mars,24K Magic,pop
Lorde,Homemade Dynamite - REMIX,"pop, Dance/Electronic"
Kygo,It Ain't Me (with Selena Gomez),"pop, Dance/Electronic"
Drake,God's Plan,"hip hop, pop, R&B"
Post Malone,rockstar (feat. 21 Savage),hip hop
Offset,Ric Flair Drip (with Metro Boomin),"hip hop, pop"
G-Eazy,Him & I (with Halsey),"hip hop, pop"
Dynoro,In My Mind,"pop, Dance/Electronic"
Juice WRLD,Lucid Dreams,hip hop
Zedd,The Middle,"hip hop, pop, Dance/Electronic"
Marshmello,FRIENDS,"pop, Dance/Electronic"
Cardi B,I Like It,"hip hop, pop"
XXXTENTACION,Moonlight,hip hop
Ariana Grande,no tears left to cry,pop
Sheck Wes,Mo Bamba,hip hop
Calvin Harris,One Kiss (with Dua Lipa),"hip hop, pop, Dance/Electronic"
Tyga,Taste (feat. Offset),"hip hop, pop"
Travis Scott,SICKO MODE,"hip hop, Dance/Electronic"
Imagine Dragons,Natural,rock
DJ Snake,"Taki Taki (with Selena Gomez, Ozuna & Cardi B)","hip hop, pop, Dance/Electronic"
Marshmello,Spotlight,"pop, Dance/Electronic"
The Weeknd,Pray For Me (with Kendrick Lamar),"pop, R&B"
Billie Eilish,lovely (with Khalid),"pop, Dance/Electronic"
Migos,Walk It Talk It,"hip hop, pop"
Clean Bandit,Solo (feat. Demi Lovato),"pop, Dance/Electronic"
Drake,Nonstop,"hip hop, pop, R&B"
6ix9ine,FEFE,hip hop
The Weeknd,Call Out My Name,"pop, R&B"
Nio Garcia,Te Bot?? - Remix,latin
Migos,MotorSport,"hip hop, pop"
Nicky Jam,X,latin
XXXTENTACION,SAD!,hip hop
Becky G,Sin Pijama,"pop, latin"
Machine Gun Kelly,"Home (with Machine Gun Kelly, X Ambassadors & Bebe Rexha)","hip hop, pop"
6ix9ine,GUMMO,hip hop
Jax Jones,Breathe,"hip hop, pop, Dance/Electronic"
The Chainsmokers,Sick Boy,"pop, Dance/Electronic"
Jay Rock,"King's Dead (with Kendrick Lamar, Future & James Blake)","hip hop, pop"
Rich The Kid,Plug Walk,"hip hop, pop"
Kendrick Lamar,All The Stars (with SZA),hip hop
Logic,Everyday,"hip hop, pop"
Jason Derulo,Tip Toe (feat. French Montana),"hip hop, pop"
Ariana Grande,God is a woman,pop
Rae Sremmurd,Powerglide (feat. Juicy J) - From SR3MM,"hip hop, pop"
EO,German,set()
Dennis Lloyd,Nevermind,pop
girl in red,we fell in love in october,"pop, rock, Dance/Electronic"
Selena Gomez,Wolves,pop
Ti??sto,Jackie Chan,"pop, Dance/Electronic"
Tom Walker,Leave a Light On,"rock, pop"
Sof??a Reyes,"1, 2, 3 (feat. Jason Derulo & De La Ghetto)","pop, latin"
Marshmello,Silence,"pop, Dance/Electronic"
5 Seconds of Summer,Youngblood,pop
Loud Luxury,Body (feat. brando),"pop, Dance/Electronic"
Liam Payne,For You (Fifty Shades Freed) (& Rita Ora),pop
NF,Let You Down,"hip hop, pop"
XXXTENTACION,changes,hip hop
Maluma,Coraz??n (feat. Nego do Borel),latin
Cardi B,Bodak Yellow,"hip hop, pop"
Lil Baby,Yes Indeed,hip hop
Jonas Blue,Rise,"pop, Dance/Electronic"
David Guetta,Flames,"hip hop, pop, Dance/Electronic"
Ozuna,Vaina Loca,latin
Charlie Puth,How Long,pop
Post Malone,Better Now,hip hop
BlocBoy JB,Look Alive (feat. Drake),"hip hop, pop"
Eminem,River (feat. Ed Sheeran),hip hop
Marshmello,Happier,"pop, Dance/Electronic"
Dean Lewis,Be Alright,pop
Charlie Puth,Done for Me (feat. Kehlani),pop
Migos,Stir Fry,"hip hop, pop"
YG,"BIG BANK (feat. 2 Chainz, Big Sean, Nicki Minaj)","hip hop, pop"
Drake,In My Feelings,"hip hop, pop, R&B"
B Young,Jumanji,"hip hop, Dance/Electronic"
Charlie Puth,The Way I Am,pop
Reik,Me Niego (feat. Ozuna & Wisin),"pop, latin"
benny blanco,Eastside (with Halsey & Khalid),"hip hop, pop"
Luis Fonsi,??chame La Culpa,"pop, latin"
MK,17,"pop, Dance/Electronic"
Rita Ora,Anywhere,"hip hop, pop, Dance/Electronic"
Banx & Ranx,Answerphone (feat. Yxng Bane),Dance/Electronic
Ella Mai,Trip,"hip hop, pop, R&B"
Daddy Yankee,Dura,latin
DJ Khaled,No Brainer,"hip hop, pop"
Anne-Marie,2002,"pop, Dance/Electronic"
Bruno Mars,Finesse - Remix; feat. Cardi B,pop
FINNEAS,Let's Fall in Love for the Night,"rock, pop, Dance/Electronic"
Hugh Jackman,The Greatest Show,easy listening
Halsey,Bad At Love,"pop, Dance/Electronic"
Drake,I'm Upset,"hip hop, pop, R&B"
Camila Cabello,Never Be the Same,pop
M.O,Bad Vibe,"pop, Dance/Electronic"
Dua Lipa,IDGAF,pop
Cashmere Cat,Miss You (with Major Lazer & Tory Lanez),"pop, rock"
Bazzi,Mine,"pop, Dance/Electronic"
Lil Dicky,Freaky Friday (feat. Chris Brown),"hip hop, pop"
Lauv,I Like Me Better,"pop, Dance/Electronic"
The Chainsmokers,This Feeling,"pop, Dance/Electronic"
Maroon 5,Girls Like You (feat. Cardi B) - Cardi B Version,pop
Khalid,Love Lies (with Normani),"pop, R&B"
Drake,Nice For What,"hip hop, pop, R&B"
Kendrick Lamar,LOVE. FEAT. ZACARI.,hip hop
Post Malone,Psycho (feat. Ty Dolla $ign),hip hop
Lil Nas X,Old Town Road - Remix,"hip hop, pop"
Billie Eilish,bad guy,"pop, Dance/Electronic"
Shawn Mendes,Se??orita,pop
Ariana Grande,7 rings,pop
Post Malone,Sunflower - Spider-Man: Into the Spider-Verse,hip hop
Gesaffelstein,Lost in the Fire (feat. The Weeknd),Dance/Electronic
Halsey,Without Me,"pop, Dance/Electronic"
Regard,Ride It,"pop, Dance/Electronic"
Lady Gaga,Shallow,pop
Mark Ronson,Nothing Breaks Like a Heart (feat. Miley Cyrus),pop
Lewis Capaldi,Someone You Loved,pop
Jax Jones,All Day And Night,"hip hop, pop, Dance/Electronic"
Mustard,Pure Water (with Migos),"hip hop, pop"
NLE Choppa,Shotta Flow (feat. Blueface) [Remix],hip hop
Kodak Black,ZEZE (feat. Travis Scott & Offset),hip hop
Daddy Yankee,Con Calma,latin
Alec Benjamin,Let Me Down Slowly,"rock, pop, Dance/Electronic"
BLACKPINK,Kill This Love,pop
Offset,Clout (feat. Cardi B),"hip hop, pop"
MEDUZA,Piece Of Your Heart,"pop, Dance/Electronic"
Ed Sheeran,Antisocial (with Travis Scott),pop
Travis Scott,SICKO MODE,"hip hop, Dance/Electronic"
Mabel,Mad Love,"pop, Dance/Electronic"
Lana Del Rey,Doin' Time,pop
DJ Snake,"Taki Taki (feat. Selena Gomez, Ozuna & Cardi B)","hip hop, pop, Dance/Electronic"
A Boogie Wit da Hoodie,Look Back at It,hip hop
Saweetie,My Type,"hip hop, pop, R&B"
Lil Tecca,Ransom,hip hop
Russ Millions,Keisha & Becky - Remix,pop
Billie Eilish,lovely (with Khalid),"pop, Dance/Electronic"
Mabel,Don't Call Me Up,"pop, Dance/Electronic"
Lil Nas X,Old Town Road,"hip hop, pop"
Meek Mill,Going Bad (feat. Drake),"hip hop, pop"
Post Malone,Wow.,hip hop
Doja Cat,Juicy,pop
A Boogie Wit da Hoodie,Swervin (feat. 6ix9ine),hip hop
iann dior,emotions,"hip hop, pop"
Paulo Londra,Adan y Eva,"hip hop, latin, Dance/Electronic"
Drake,Money In The Grave (Drake ft. Rick Ross),"hip hop, pop, R&B"
Lil Nas X,Panini,"hip hop, pop"
Bad Bunny,MIA (feat. Drake),latin
Polo G,Pop Out (feat. Lil Tjay),hip hop
Juice WRLD,Robbery,hip hop
21 Savage,a lot,hip hop
Young Thug,The London (feat. J. Cole & Travis Scott),"hip hop, pop"
Anuel AA,China,latin
Camila Cabello,Liar,pop
Flipp Dinero,Leave Me Alone,"hip hop, pop"
Cardi B,Money,"hip hop, pop"
Ariana Grande,"break up with your girlfriend, i'm bored",pop
Dave,Location (feat. Burna Boy),hip hop
Ava Max,Sweet but Psycho,pop
Dua Lipa,Don't Start Now,pop
Young T & Bugsey,Strike a Pose (feat. Aitch),hip hop
Calvin Harris,Giant (with Rag'n'Bone Man),"hip hop, pop, Dance/Electronic"
Ed Sheeran,Take Me Back to London (feat. Stormzy),pop
Cardi B,Please Me,"hip hop, pop"
Stormzy,Vossi Bop,"hip hop, Dance/Electronic"
Tones And I,Dance Monkey,pop
Ariana Grande,boyfriend (with Social House),pop
Bad Bunny,Callaita,latin
Ava Max,So Am I,pop
Pedro Cap??,Calma - Remix,"pop, latin"
J. Cole,MIDDLE CHILD,hip hop
Lunay,Soltera - Remix,"pop, latin"
Khalid,Better,"pop, R&B"
Blueface,Thotiana,hip hop
DaBaby,Suge,hip hop
AJ Tracey,Ladbroke Grove,"hip hop, Dance/Electronic"
Billie Eilish,bury a friend,"pop, Dance/Electronic"
BTS,Boy With Luv (feat. Halsey),pop
Wiley,Boasty (feat. Idris Elba),"hip hop, Dance/Electronic"
Jonas Brothers,Only Human,pop
5 Seconds of Summer,Easier,pop
Avicii,SOS (feat. Aloe Blacc),"pop, Dance/Electronic"
"Tyler, The Creator",EARFQUAKE,hip hop
Ashley O,On A Roll,set()
Dominic Fike,3 Nights,"rock, pop"
Sigala,Wish You Well,"pop, Dance/Electronic"
Megan Thee Stallion,Hot Girl Summer (feat. Nicki Minaj & Ty Dolla $ign),"hip hop, pop, R&B"
Anuel AA,Secreto,latin
Sam Feldt,Post Malone (feat. RANI),"pop, Dance/Electronic"
Kehlani,Nights Like This (feat. Ty Dolla $ign),"hip hop, pop, R&B"
Sech,Otro Trago,latin
Post Malone,Better Now,hip hop
Ed Sheeran,Cross Me (feat. Chance the Rapper & PnB Rock),pop
Lauv,i'm so tired...,"pop, Dance/Electronic"
iann dior,gone girl,"hip hop, pop"
Panic! At The Disco,High Hopes,rock
Marshmello,One Thing Right,"pop, Dance/Electronic"
Sam Smith,How Do You Sleep?,pop
NSG,Options,"World/Traditional, hip hop"
Normani,Motivation,"pop, R&B"
Joel Corry,Sorry,"pop, Dance/Electronic"
Post Malone,Goodbyes (Feat. Young Thug),hip hop
Jonas Brothers,Sucker,pop
Taylor Swift,Cruel Summer,pop
Blanco Brown,The Git Up,"hip hop, country"
Sam Smith,Dancing With A Stranger (with Normani),pop
Post Malone,Circles,hip hop
